date	temp_min	temp_avg	temp_max	rainfall	windspeed_avg	windspeed_gusts
2016-07-01	21.7	24.6	27.5	0.0	3.6	6.7
2016-07-02	20.9	24.2	27.5	0.0	3.9	8.9
2016-07-03	21.1	23.6	26.0	0.0	4.2	9.7
2016-07-04	21.4	24.2	27.1	0.0	2.8	7.8
2016-07-05	22.7	25.9	29.1	0.0	3.3	9.2
2016-07-06	24.2	27.2	30.2	0.0	4.2	10.8
2016-07-07	22.2	25.5	28.8	0.0	5.3	10.3
2016-07-08	24.1	27.6	31.2	0.0	3.9	7.8
2016-07-09	24.2	27.4	30.5	0.0	3.9	8.3
2016-07-10	24.3	26.8	29.4	0.0	4.4	10.8
2016-07-11	23.5	26.6	29.8	0.0	3.6	9.4
2016-07-12	24.5	26.2	27.9	3.2	5.3	9.7
2016-07-13	19.1	23.6	28.1	1.8	5.8	13.9
2016-07-14	18.3	22.1	25.9	0.0	5.8	12.5
2016-07-15	19.2	22.6	26.1	0.0	6.4	11.4
2016-07-16	18.9	23.0	27.0	0.0	5.0	10.8
2016-07-17	20.1	24.0	27.8	0.0	4.4	9.2
2016-07-18	19.9	23.4	27.0	0.0	3.3	7.8
2016-07-19	19.4	23.4	27.5	0.0	5.6	7.8
2016-07-20	21.2	25.0	28.8	1.5	6.7	16.9
2016-07-21	24.2	26.1	28.0	0.0	4.2	8.3
2016-07-22	20.3	24.6	28.8	7.7	3.9	12.8
2016-07-23	20.0	24.1	28.2	0.0	3.9	9.7
2016-07-24	20.8	25.6	30.5	0.0	5.6	9.7
2016-07-25	22.2	25.6	29.1	0.0	5.3	13.9
2016-07-26	22.5	26.0	29.5	0.0	4.4	11.7
2016-07-27	22.0	25.7	29.4	0.0	3.3	9.7
2016-07-28	22.4	25.8	29.1	0.0	4.7	10.3
2016-07-29	22.6	26.0	29.4	0.0	4.4	10.3
2016-07-30	23.2	26.4	29.7	0.0	5.0	9.7
2016-07-31	24.7	27.4	30.0	0.0	6.1	9.7
2016-08-01	25.0	26.9	28.8	0.0	5.3	11.7
2016-08-02	24.1	27.0	29.8	0.0	5.8	11.4
2016-08-03	22.9	26.2	29.5	0.0	5.3	11.7
2016-08-04	23.6	27.7	31.8	0.0	5.0	10.8
2016-08-05	24.3	25.8	27.4	0.0	4.7	9.7
2016-08-06	23.1	25.7	28.3	0.0	4.7	10.3
2016-08-07	21.5	25.0	28.4	0.0	3.9	7.8
2016-08-08	21.6	26.2	30.8	0.0	6.7	12.5
2016-08-09	21.6	26.0	30.3	0.1	5.0	10.3
2016-08-10	20.8	23.6	26.3	0.0	5.3	9.7
2016-08-11	20.0	23.3	26.6	0.0	5.0	9.7
2016-08-12	20.7	24.2	27.7	0.0	5.0	9.2
2016-08-13	21.1	23.9	26.7	0.0	3.6	9.7
2016-08-14	19.8	23.9	28.0	0.0	3.9	7.2
2016-08-15	20.3	24.6	29.0	0.0	4.2	8.3
2016-08-16	23.1	26.0	28.8	0.0	4.7	11.4
2016-08-17	22.3	25.8	29.3	0.0	4.7	14.4
2016-08-18	23.5	26.4	29.2	0.0	3.9	9.2
2016-08-19	22.3	25.8	29.4	0.0	3.6	9.7
2016-08-20	23.5	26.4	29.2	0.0	7.2	13.9
2016-08-21	23.3	26.0	28.8	0.0	5.6	10.8
2016-08-22	22.2	25.8	29.3	0.0	4.4	9.2
2016-08-23	21.4	25.0	28.5	0.0	3.3	7.8
2016-08-24	20.5	25.6	30.7	0.0	3.3	6.7
2016-08-25	20.7	26.0	31.2	0.0	3.9	10.3
2016-08-26	20.1	24.3	28.5	0.0	3.3	7.2
2016-08-27	19.9	24.2	28.6	0.0	5.3	9.7
2016-08-28	22.7	26.0	29.4	0.0	4.7	8.9
2016-08-29	24.6	26.4	28.2	0.4	3.1	7.8
2016-08-30	21.8	24.0	26.3	0.1	3.9	9.7
2016-08-31	21.1	24.4	27.8	0.0	3.3	7.8
2016-09-01	22.9	27.2	31.5	0.0	4.2	8.3
2016-09-02	22.2	25.7	29.2	0.0	5.3	11.7
2016-09-03	22.9	26.2	29.6	0.0	5.8	12.8
2016-09-04	22.9	26.5	30.1	0.0	4.4	10.8
2016-09-05	24.2	27.9	31.6	0.0	3.1	6.7
2016-09-06	23.2	27.2	31.2	0.0	4.2	7.8
2016-09-07	22.8	26.0	29.1	0.0	3.9	10.3
2016-09-08	21.9	25.0	28.1	0.0	3.9	8.3
2016-09-09	23.9	26.8	29.6	0.3	5.0	10.8
2016-09-10	21.0	24.7	28.4	0.0	4.7	10.3
2016-09-11	21.2	25.3	29.4	0.0	5.8	9.7
2016-09-12	21.8	25.6	29.3	0.0	4.2	8.9
2016-09-13	18.7	24.0	29.4	17.6	3.9	13.3
2016-09-14	16.2	21.4	26.6	0.4	3.6	17.5
2016-09-15	14.9	20.2	25.6	0.6	4.2	9.7
2016-09-16	15.7	21.0	26.2	0.0	3.6	9.7
2016-09-17	17.8	21.0	24.1	3.6	4.2	10.3
2016-09-18	15.7	19.8	23.8	0.0	3.3	12.5
2016-09-19	16.6	21.8	26.9	0.0	6.4	10.8
2016-09-20	18.1	22.5	26.9	0.0	4.4	12.5
2016-09-21	17.3	21.8	26.2	0.0	5.3	9.2
2016-09-22	18.0	22.0	26.1	0.0	4.4	8.9
2016-09-23	18.0	21.9	25.8	14.4	5.0	12.8
2016-09-24	17.7	21.3	24.9	0.0	3.3	14.4
2016-09-25	17.6	21.6	25.7		6.4	16.9
2016-09-26	16.3	20.8	25.2	0.0	5.3	8.9
2016-09-27	19.6	22.8	25.9	0.2	3.1	8.3
2016-09-28	18.0	22.3	26.6	0.0	5.8	11.7
2016-09-29	16.6	21.0	25.5	0.0	4.2	7.2
2016-09-30	17.2	21.5	25.8	0.0	3.9	7.8
2016-10-01	17.7	21.6	25.5	0.0	5.0	9.7
2016-10-02	19.6	22.6	25.7	7.7	3.1	10.3
2016-10-03	19.8	21.8	23.9	0.0	3.9	9.2
2016-10-04	19.1	22.2	25.3	0.0	4.7	14.4
2016-10-05	17.1	20.8	24.4	13.7	3.1	8.3
2016-10-06	14.6	18.0	21.4	1.9	6.1	16.1
2016-10-07	13.9	19.2	24.4	0.0	3.9	9.2
2016-10-08	18.5	21.0	23.5	0.0	3.9	10.3
2016-10-09	17.8	19.2	20.7	1.2	3.1	8.9
2016-10-10	15.4	17.4	19.4	0.2	2.8	7.8
2016-10-11	14.1	17.5	20.9	0.0	5.3	10.3
2016-10-12	12.7	16.2	19.7	47.7	3.6	13.9
2016-10-13	15.8	18.6	21.4	12.4	3.3	9.7
2016-10-14	13.9	17.6	21.4		3.3	8.3
2016-10-15	13.1	18.3	23.5	0.0	3.6	8.3
2016-10-16	13.6	18.8	24.1	0.0	3.9	9.7
2016-10-17	15.8	19.8	23.9	0.0	3.3	8.3
2016-10-18	16.7	20.1	23.5	0.0	4.4	9.7
2016-10-19	15.6	18.6	21.7	0.6	5.8	10.8
2016-10-20	16.2	17.3	18.4		3.1	10.3
2016-10-21	13.3	15.0	16.6	5.5	4.2	9.2
2016-10-22	13.6	16.3	19.0	2.1	3.9	11.4
2016-10-23	16.0	19.8	23.7	0.0	2.8	7.8
2016-10-24	17.4	20.4	23.3	2.2	4.4	9.7
2016-10-25	18.8	20.4	22.0	1.2	3.6	10.3
2016-10-26	17.3	19.8	22.2	0.0	1.9	8.3
2016-10-27	16.1	19.4	22.8	0.0	3.3	10.8
2016-10-28	14.5	18.2	21.8	0.0	2.8	8.9
2016-10-29	13.0	17.2	21.4	0.0	3.9	8.9
2016-10-30	12.4	16.3	20.2	0.0	3.9	7.2
2016-10-31	13.7	16.7	19.7	0.0	2.5	5.8
2016-11-01	13.8	18.0	22.2	0.0	4.2	8.3
2016-11-02	12.9	17.1	21.3	0.0	3.1	8.3
2016-11-03	11.3	15.7	20.1	0.0	3.6	7.8
2016-11-04	12.8	17.1	21.4	0.6	2.2	7.8
2016-11-05	14.2	18.7	23.2	0.0	6.7	16.4
2016-11-06	9.7	13.6	17.6	0.0	3.6	9.7
2016-11-07	7.8	11.8	15.8	0.0	3.1	7.8
2016-11-08	6.0	11.4	16.9	0.0	5.8	12.8
2016-11-09	9.1	14.4	19.6	0.0	6.1	16.9
2016-11-10	9.5	14.4	19.4	0.0	4.4	9.7
2016-11-11	9.2	14.2	19.1	1.1	3.6	9.2
2016-11-12	11.6	14.6	17.5	0.1	2.5	7.8
2016-11-13	9.9	14.6	19.2	0.2	2.2	11.4
2016-11-14	10.2	14.5	18.8	0.0	5.6	13.3
2016-11-15	7.8	12.0	16.1	0.0	3.6	7.8
2016-11-16	6.3	11.4	16.4	0.0	3.6	8.9
2016-11-17	7.5	13.0	18.4	0.0	3.6	8.9
2016-11-18	9.1	14.2	19.2	0.0	5.3	11.4
2016-11-19	11.6	15.0	18.3	0.0	4.2	8.3
2016-11-20	11.4	15.4	19.4	2.5	4.2	11.7
2016-11-21	16.1	17.7	19.3	9.0	6.7	12.5
2016-11-22	15.0	17.1	19.2	4.6	4.2	13.9
2016-11-23	11.9	16.1	20.3	17.2	6.1	18.1
2016-11-24	8.2	12.0	15.9	0.0	3.3	8.3
2016-11-25	7.3	11.5	15.7	0.0	3.3	9.2
2016-11-26	8.6	12.7	16.8	1.9	6.1	14.4
2016-11-27	12.0	14.4	16.7	40.4	6.1	13.3
2016-11-28	8.6	12.3	16.0	0.0	4.2	7.8
2016-11-29	8.4	12.2	16.0	0.2	6.7	16.1
2016-11-30	7.8	11.4	14.9	0.0	3.6	9.7
2016-12-01	5.2	10.4	15.5	0.0	5.8	8.9
2016-12-02	4.2	10.3	16.4	0.0	2.5	9.7
2016-12-03	4.1	9.4	14.6	0.0	4.2	11.4
2016-12-04	10.5	14.0	17.5	0.6	6.1	13.9
2016-12-05	12.6	15.0	17.3	0.0	9.7	16.1
2016-12-06	10.4	14.3	18.2	0.0	3.1	7.8
2016-12-07	7.9	12.4	16.9	0.0	4.2	8.3
2016-12-08	7.0	12.4	17.8	0.0	3.3	9.2
2016-12-09	6.7	12.0	17.4	0.0	5.8	10.3
2016-12-10	7.4	12.4	17.3	0.0	5.3	8.3
2016-12-11	7.3	12.0	16.8	0.0	3.6	9.2
2016-12-12	6.4	12.1	17.8	0.0	2.2	12.5
2016-12-13	6.4	11.6	16.9	0.0	2.8	8.9
2016-12-14	7.7	12.1	16.5	0.0	4.2	8.9
2016-12-15	7.2	10.7	14.2	0.0	4.2	8.9
2016-12-16	9.1	12.5	15.9	3.9	6.1	13.9
2016-12-17	8.0	11.4	14.8		8.6	17.5
2016-12-18	6.2	10.2	14.2	0.0	7.2	15.0
2016-12-19	6.4	8.8	11.2	13.9	6.7	15.3
2016-12-20	8.7	11.0	13.2	3.8	5.6	11.4
2016-12-21	8.6	12.2	15.8	0.0	5.6	10.8
2016-12-22	7.8	12.8	17.8	0.0	3.1	9.7
2016-12-23	7.2	11.5	15.8	0.0	3.6	9.7
2016-12-24	7.3	11.8	16.3	0.0	3.6	9.2
2016-12-25	7.0	10.9	14.8	0.0	4.7	11.4
2016-12-26	6.6	11.6	16.7	0.0	4.2	8.9
2016-12-27	6.5	12.0	17.4	0.0	2.8	7.8
2016-12-28	5.0	10.4	15.9	0.0	3.9	7.8
2016-12-29	4.4	9.6	14.7	0.0	5.0	11.7
2016-12-30	4.8	10.3	15.8	0.0	3.6	9.2
2016-12-31	5.3	10.0	14.8	0.0	3.1	8.3
2017-01-01	3.3	7.8	12.4	0.0	3.9	12.5
2017-01-02	2.8	8.6	14.3	0.0	5.3	10.3
2017-01-03	3.7	8.1	12.5	0.0	5.0	10.8
2017-01-04	6.3	10.4	14.6	0.0	3.9	8.9
2017-01-05	4.6	8.8	13.1	0.0	3.9	10.3
2017-01-06	1.8	7.6	13.3	0.0	3.6	9.7
2017-01-07	2.1	7.6	13.2	0.0	2.5	8.3
2017-01-08	3.9	10.4	16.9	0.0	4.4	16.9
2017-01-09	4.5	9.2	13.8	0.0	5.3	10.8
2017-01-10	4.1	8.6	13.2	0.0	3.9	8.3
2017-01-11	2.9	8.2	13.5	0.0	5.3	10.8
2017-01-12	7.6	12.0	16.4	0.0	6.9	12.5
2017-01-13	5.4	10.4	15.4	0.0	7.5	15.3
2017-01-14	4.5	8.4	12.4	0.0	4.2	10.8
2017-01-15	3.8	8.8	13.8	0.0	4.4	11.7
2017-01-16	3.3	8.4	13.4	0.0	2.8	8.9
2017-01-17	1.2	4.8	8.4	0.0	5.0	16.4
2017-01-18	-0.6	5.3	11.2	0.0	3.6	9.7
2017-01-19	1.8	6.7	11.6	0.0	11.1	21.7
2017-01-20	8.8	9.8	10.9	4.9	11.4	18.9
2017-01-21	8.9	10.7	12.5	0.7	10.3	23.3
2017-01-22	8.3	9.8	11.4	7.2	9.2	17.5
2017-01-23	7.8	9.8	11.7	0.7	3.6	15.3
2017-01-24				0.0		
2017-01-25	5.2	7.2	9.1	0.9	6.4	14.4
2017-01-26	4.1	7.5	10.9	0.0	4.2	
2017-01-27	7.7	11.1	14.5	18.6	3.6	9.2
2017-01-28	8.0	11.4	14.7	1.6	3.6	13.9
2017-01-29	5.7	10.1	14.5	0.0	3.9	9.7
2017-01-30	6.0	11.0	16.0	0.0	3.3	7.8
2017-01-31	8.1	11.8	15.5	0.0	4.2	7.8
2017-02-01	8.0	11.8	15.5	0.0	3.3	9.7
2017-02-02	10.1	12.3	14.5	0.0	5.6	13.9
2017-02-03	8.2	12.8	17.5	0.0	4.7	15.0
2017-02-04	9.3	14.2	19.2	0.0	7.2	16.4
2017-02-05	9.1	12.6	16.1	0.3	12.8	30.8
2017-02-06	8.5	13.0	17.6	0.0	5.3	18.1
2017-02-07	10.5	14.6	18.6	11.1	2.8	15.0
2017-02-08	6.9	12.4	17.8	0.0	3.6	13.3
2017-02-09	4.3	9.2	14.1	0.0	3.3	7.8
2017-02-10	5.8	10.0	14.3	0.0	2.8	7.2
2017-02-11	6.9	10.5	14.1	0.0	6.9	13.3
2017-02-12	12.6	13.8	14.9	0.0	9.4	16.1
2017-02-13	13.6	14.2	14.9	10.4	9.2	18.6
2017-02-14	10.0	13.8	17.6		2.8	8.9
2017-02-15	10.7	13.8	16.9	0.0	4.7	9.2
2017-02-16	9.1	12.5	15.9	0.0	2.8	5.8
2017-02-17	8.5	11.7	14.9	0.0	4.4	9.7
2017-02-18	7.2	11.2	15.1	0.0	3.3	7.2
2017-02-19	9.2	13.0	16.7	0.0	3.9	7.2
2017-02-20	7.7	12.0	16.3	0.0	4.2	8.3
2017-02-21	7.3	12.4	17.4	0.0	5.0	9.2
2017-02-22	8.4	13.5	18.6	0.0	4.7	8.9
2017-02-23	9.6	14.0	18.5	1.5	4.7	9.7
2017-02-24	10.3	12.2	14.1	5.0	2.5	8.9
2017-02-25	6.5	10.5	14.5	0.0	3.6	8.3
2017-02-26	5.8	10.5	15.2	0.0	6.1	10.3
2017-02-27	10.3	13.3	16.3	0.0	5.0	12.5
2017-02-28	10.9	14.8	18.7	0.0	6.9	14.4
2017-03-01	7.5	11.9	16.3	0.0	6.1	11.4
2017-03-02	7.6	12.7	17.8	0.0	4.7	8.1
2017-03-03	11.2	13.7	16.2	16.2	3.9	12.8
2017-03-04	6.6	11.3	16.0		8.3	22.2
2017-03-05	5.9	11.2	16.4	0.0	5.8	14.4
2017-03-06	10.0	17.0	24.1	0.0	6.9	18.6
2017-03-07	10.5	14.6	18.7	0.0	5.0	10.8
2017-03-08	11.1	14.2	17.3	0.0	5.0	9.7
2017-03-09	11.4	14.2	17.1	0.0	2.8	7.2
2017-03-10	10.9	15.9	20.9	0.0	5.3	10.8
2017-03-11				0.0		
2017-03-12	10.4	14.2	18.1	0.1	4.4	9.7
2017-03-13	12.0	15.6	19.3	0.0	8.6	18.1
2017-03-14	10.2	16.0	21.9	0.0	4.2	8.3
2017-03-15	9.8	14.6	19.4	0.0	3.3	7.2
2017-03-16	9.4	13.6	17.7	0.0	4.2	7.8
2017-03-17	8.6	13.4	18.2	0.0	6.7	14.4
2017-03-18	9.6	13.8	18.1	0.0	2.2	8.3
2017-03-19	9.5	13.6	17.8	0.0	4.2	9.2
2017-03-20	10.8	15.0	19.3	0.0	2.8	6.1
2017-03-21	9.7	13.7	17.7	0.0	3.6	8.9
2017-03-22	10.7	14.3	17.9	0.0	4.7	10.3
2017-03-23	9.8	13.5	17.2	0.0	5.0	12.8
2017-03-24	6.9	9.6	12.4	64.7	4.7	12.8
2017-03-25	6.4	11.4	16.4	0.0	3.1	10.8
2017-03-26	7.4	12.3	17.2	0.0	3.9	8.9
2017-03-27	9.4	13.1	16.8	2.1	5.8	11.7
2017-03-28	8.4	12.6	16.8	0.0	3.3	7.2
2017-03-29	10.3	15.4	20.4	0.0	4.4	8.3
2017-03-30	10.9	15.0	19.1	0.0	4.7	9.2
2017-03-31	10.6	14.3	18.0	0.9	3.3	9.2
2017-04-01	9.5	12.7	15.9	4.6	3.1	14.4
2017-04-02	8.2	12.8	17.4	0.5	4.2	8.9
2017-04-03	9.5	14.9	20.3	0.0	6.1	11.4
2017-04-04	10.5	16.4	22.3	0.0	5.8	13.3
2017-04-05	11.2	15.2	19.2	3.3	3.1	10.8
2017-04-06	9.6	15.1	20.6	0.0	3.9	9.2
2017-04-07	10.6	15.0	19.3	0.0	3.6	8.3
2017-04-08	10.6	14.8	19.1	0.0	5.0	9.7
2017-04-09	9.8	14.3	18.8	0.0	5.3	9.2
2017-04-10	10.8	15.1	19.4	0.0	6.9	13.9
2017-04-11	12.5	16.5	20.5	0.0	4.4	10.8
2017-04-12	12.7	16.8	20.8	0.0	3.6	6.1
2017-04-13	12.0	15.6	19.3	0.0	2.5	8.3
2017-04-14	13.0	17.2	21.4		2.2	7.8
2017-04-15	14.2	16.8	19.3	0.2	4.2	7.8
2017-04-16	12.0	16.2	20.5	0.0	5.8	12.5
2017-04-17	12.9	16.6	20.4	0.0	4.4	10.8
2017-04-18	13.0	16.5	20.0	0.0	3.6	10.3
2017-04-19	10.7	14.0	17.3	0.0	3.9	12.8
2017-04-20	8.6	13.0	17.3	0.0	5.3	12.5
2017-04-21	6.9	12.1	17.3	0.0	4.7	9.7
2017-04-22	8.5	13.3	18.1	0.0	7.2	13.3
2017-04-23	10.2	15.2	20.1	0.0	4.2	8.3
2017-04-24	10.8	15.0	19.2	0.0	3.6	9.2
2017-04-25	11.4	15.8	20.1	0.4	4.4	10.8
2017-04-26	11.7	14.2	16.6	24.9	6.1	15.0
2017-04-27	7.5	9.6	11.7	6.2	2.8	7.8
2017-04-28	6.3	11.3	16.3	0.0	4.7	8.3
2017-04-29	7.8	12.8	17.7		6.1	10.3
2017-04-30	13.8	16.6	19.3	1.8	6.1	11.4
2017-05-01	11.9	15.0	18.1	0.0	3.9	10.8
2017-05-02	10.5	14.6	18.8	0.0	6.1	12.5
2017-05-03	14.2	16.4	18.6	0.1	3.1	8.9
2017-05-04	12.3	15.8	19.3	0.0	3.3	8.9
2017-05-05	15.0	18.4	21.7	0.0	9.4	18.1
2017-05-06	15.4	21.0	26.6	0.0	8.1	15.3
2017-05-07	13.4	16.9	20.4	0.0	4.2	7.8
2017-05-08	13.6	17.0	20.4	0.0	3.6	7.2
2017-05-09	12.9	16.3	19.7	0.0	3.3	8.9
2017-05-10	15.6	18.4	21.2	0.1	4.2	13.9
2017-05-11	15.2	18.7	22.2	12.0	4.4	14.4
2017-05-12	14.8	20.0	25.3	0.0	6.1	15.0
2017-05-13	15.4	20.7	26.0	0.0	6.7	13.3
2017-05-14	16.8	20.0	23.3	0.0	3.6	9.7
2017-05-15	16.4	20.6	24.9	0.0	3.1	8.3
2017-05-16	17.8	21.8	25.8	0.0	2.8	8.9
2017-05-17	17.1	21.5	25.9	0.0	3.1	6.1
2017-05-18	14.8	19.0	23.3	0.4	3.3	11.4
2017-05-19	12.3	16.7	21.1	0.0	5.3	13.3
2017-05-20				0.0	4.2	
2017-05-21	14.4	18.6	22.7	0.0	5.0	10.8
2017-05-22	16.9	20.2	23.6	0.0	3.3	8.9
2017-05-23	16.9	20.8	24.7	0.0	5.0	9.7
2017-05-24	18.0	22.5	27.0	0.0	6.1	13.3
2017-05-25	18.8	22.6	26.5	0.0	5.6	12.5
2017-05-26	18.3	20.5	22.7	0.0	5.3	13.3
2017-05-27	19.3	21.8	24.3	0.0	4.7	9.2
2017-05-28	17.5	21.3	25.1	0.0	2.8	12.8
2017-05-29	17.2	21.8	26.3	1.9	2.8	7.2
2017-05-30	16.9	20.6	24.2	1.0	5.3	12.8
2017-05-31	17.0	21.2	25.5	0.0	3.6	7.2
2017-06-01	18.1	21.6	25.2	0.0	3.1	8.9
2017-06-02	18.6	22.0	25.4	0.0	3.6	9.7
2017-06-03	21.6	25.2	28.9	0.0	5.0	10.8
2017-06-04	19.3	22.6	25.8	8.9	3.9	10.3
2017-06-05	17.4	20.8	24.2	0.0	5.3	12.5
2017-06-06	19.1	23.0	26.8		5.8	12.8
2017-06-07	19.2	20.3	21.4	0.3	3.9	7.8
2017-06-08	19.3	22.0	24.8	0.3	5.0	11.4
2017-06-09	19.4	22.4	25.3	0.0	3.6	9.7
2017-06-10	18.3	22.6	26.8	0.0	5.3	9.2
2017-06-11	19.9	24.0	28.2	0.0	4.7	11.4
2017-06-12	20.4	24.6	28.7	0.0	3.3	8.9
2017-06-13	21.4	25.6	29.7	0.0	3.9	8.9
2017-06-14	21.7	26.2	30.8	0.0	4.4	9.2
2017-06-15	22.3	26.6	30.8	0.0	3.9	7.2
2017-06-16	23.7	27.8	31.8	0.0	4.4	8.9
2017-06-17	24.4	27.0	29.6	0.0	3.6	7.8
2017-06-18	22.4	26.1	29.8	0.0	3.9	8.9
2017-06-19	22.0	25.4	28.7	0.0	3.6	8.9
2017-06-20	22.8	26.3	29.8	0.0	5.8	11.4
2017-06-21	23.5	26.9	30.3	0.0	5.8	12.5
2017-06-22	21.4	25.4	29.5	0.0	5.8	13.3
2017-06-23	22.7	26.2	29.7	0.0	6.9	11.9
2017-06-24	21.9	25.5	29.1		4.4	10.3
2017-06-25	22.3	25.0	27.8		3.9	8.3
2017-06-26	21.9	26.5	31.1	0.0	2.8	10.3
2017-06-27	24.2	26.4	28.6	0.0	3.3	7.8
2017-06-28	20.1	26.2	32.3	1.3	6.4	21.7
2017-06-29	18.6	23.6	28.6	1.3	7.2	14.4
2017-06-30	16.4	22.5	28.6	0.0	6.9	13.3
2017-07-01	18.4	21.8	25.2	0.0	5.3	16.4
2017-07-02	18.1	22.3	26.5	0.0	5.8	10.8
2017-07-03	18.6	23.0	27.4	0.0	5.8	10.8
2017-07-04	19.8	23.6	27.5	0.0	4.4	9.7
2017-07-05	19.2	23.6	28.0	0.0	4.2	8.9
2017-07-06	21.7	25.7	29.7	0.0	3.6	8.3
2017-07-07	22.6	25.8	29.1	0.0	5.8	11.4
2017-07-08	24.3	26.7	29.1		7.8	13.3
2017-07-09	22.6	26.2	29.7	0.0	3.9	8.9
2017-07-10	22.3	25.6	29.0	0.0	2.5	6.7
2017-07-11	24.5	26.6	28.6	0.0	4.2	8.3
2017-07-12	22.8	26.3	29.8	0.0	4.4	9.7
2017-07-13	23.7	26.6	29.4	0.0	5.0	11.7
2017-07-14	24.7	27.0	29.4	0.0	4.4	9.7
2017-07-15	24.3	27.4	30.4	0.0	5.3	9.7
2017-07-16	24.1	27.0	29.9	0.0	3.3	8.3
2017-07-17	23.7	26.6	29.5	0.0	4.2	7.8
2017-07-18	23.0	26.6	30.1	0.0	3.9	8.9
2017-07-19	23.3	26.7	30.1	0.0	5.3	10.3
2017-07-20	24.8	27.1	29.4	0.1	8.1	15.3
2017-07-21	23.1	26.6	30.1	0.0	3.3	8.9
2017-07-22	22.3	26.0	29.7	0.0	4.2	8.9
2017-07-23	19.9	24.3	28.7	2.8	3.3	18.6
2017-07-24	20.6	25.0	29.5	0.0	5.0	12.5
2017-07-25	22.0	25.0	28.0	0.0	5.8	10.8
2017-07-26	21.1	24.4	27.6	0.0	4.7	12.8
2017-07-27	20.6	25.0	29.5	0.0	5.6	10.3
2017-07-28	23.7	26.8	29.9	0.0	3.6	11.4
2017-07-29	22.4	26.0	29.6	0.0	3.3	8.3
2017-07-30	22.8	26.9	31.0	0.0	4.2	8.9
2017-07-31	25.1	27.4	29.7	0.0	7.2	15.0
2017-08-01	25.8	27.8	29.7	0.1	6.7	13.9
2017-08-02	24.4	28.4	32.3	0.0	3.6	13.3
2017-08-03	25.6	30.0	34.3	0.0	5.0	9.2
2017-08-04	24.9	29.0	33.0	0.0	3.9	11.4
2017-08-05	26.1	29.8	33.4	0.0	5.3	10.3
2017-08-06	25.0	28.2	31.3	0.0	4.2	8.3
2017-08-07	24.0	27.4	30.8	0.0	3.9	9.2
2017-08-08	22.0	26.1	30.2	1.2	5.3	19.7
2017-08-09	18.4	22.7	27.0	2.8	4.7	15.0
2017-08-10	17.0	22.0	26.9		6.4	13.3
2017-08-11	18.4	22.2	26.1	0.6	5.3	11.4
2017-08-12	20.1	23.8	27.4	0.0	3.9	8.3
2017-08-13	20.0	24.2	28.5	0.0	4.2	8.3
2017-08-14	20.8	24.8	28.7	0.0	3.3	9.7
2017-08-15	20.8	24.8	28.7	0.0	4.2	8.9
2017-08-16	24.0	26.4	28.7	0.0	4.7	8.9
2017-08-17	23.1	26.6	30.2	0.0	4.2	9.2
2017-08-18	23.3	26.8	30.2	0.0	5.3	10.8
2017-08-19	24.9	26.8	28.8	0.0	3.9	9.2
2017-08-20	23.7	26.0	28.2	0.5	3.6	8.3
2017-08-21	22.1	26.0	29.8	0.0	4.2	8.9
2017-08-22	22.6	26.1	29.6	0.0	4.7	11.4
2017-08-23	21.8	25.8	29.7	0.0	5.3	10.8
2017-08-24	22.8	26.6	30.5	0.0	3.9	9.7
2017-08-25	21.5	25.9	30.3	0.0	3.9	9.7
2017-08-26	23.6	26.8	29.9	0.0	3.6	7.8
2017-08-27	24.0	26.6	29.3	0.0	4.2	8.9
2017-08-28	23.6	27.3	31.0	0.0	3.1	7.8
2017-08-29	24.5	27.9	31.3		3.3	13.9
2017-08-30	23.0	25.5	28.0	0.9	5.0	16.9
2017-08-31	20.5	22.3	24.1	11.4	5.8	13.9
2017-09-01	20.1	23.0	26.0	0.7	4.2	11.7
2017-09-02	17.5	22.1	26.7	0.0	5.3	10.3
2017-09-03	18.3	22.6	26.8	1.3	4.4	8.3
2017-09-04	20.8	24.2	27.6	1.0	5.3	10.3
2017-09-05	20.3	24.4	28.5	0.0	6.4	10.8
2017-09-06	22.3	25.6	28.8	13.6	4.2	10.8
2017-09-07	19.5	22.8	26.0	0.0	5.0	10.8
2017-09-08	19.0	22.7	26.4	0.0	3.6	9.7
2017-09-09	16.9	22.0	27.0	3.1	4.7	15.0
2017-09-10	14.3	21.7	29.1	0.0	5.0	12.8
2017-09-11	18.0	22.4	26.8	11.7	5.6	11.4
2017-09-12	19.6	21.8	23.9	1.9	4.4	10.3
2017-09-13	18.4	22.8	27.3	0.0	6.9	13.9
2017-09-14	18.0	22.8	27.5	4.3	6.4	15.0
2017-09-15	13.1	15.6	18.1	4.4	4.4	13.3
2017-09-16	12.0	16.9	21.8	0.0	3.9	9.2
2017-09-17	12.1	17.9	23.7	0.6	6.9	13.3
2017-09-18	18.3	20.2	22.0	4.9	6.4	12.5
2017-09-19	16.2	19.8	23.5	0.0	3.6	8.3
2017-09-20	15.1	19.8	24.5	0.0	3.6	10.8
2017-09-21	16.5	21.4	26.2	0.0	5.6	10.8
2017-09-22	18.5	21.6	24.7	0.0	4.2	10.8
2017-09-23	17.2	21.3	25.4	0.0	4.2	8.3
2017-09-24	18.6	22.3	26.0	0.0	5.3	10.8
2017-09-25	18.1	22.0	26.0	1.8	6.1	12.8
2017-09-26	17.8	21.4	25.1	0.0	4.4	9.2
2017-09-27	17.1	21.2	25.2	0.0	3.9	8.3
2017-09-28	18.0	21.8	25.5	0.0	3.3	6.7
2017-09-29	17.6	21.4	25.1	0.0	4.4	8.9
2017-09-30	17.3	20.8	24.2	15.6	4.4	10.8
2017-10-01	18.4	20.0	21.6	0.7	2.8	11.7
2017-10-02	19.1	22.0	25.0		3.1	8.3
2017-10-03	19.5	22.5	25.5	0.0	3.1	8.3
2017-10-04	19.3	22.4	25.4	0.0	3.1	8.3
2017-10-05	18.7	22.1	25.5	0.0	5.6	11.4
2017-10-06	19.3	22.6	26.0	0.0	4.7	9.7
2017-10-07	16.6	19.7	22.8	0.0	3.3	8.3
2017-10-08	14.1	19.0	23.9	0.0	5.0	8.6
2017-10-09	15.2	19.8	24.5	0.0	4.4	8.9
2017-10-10	17.0	21.0	25.1	0.0	2.8	7.8
2017-10-11	17.4	21.2	25.1	0.0	5.8	10.8
2017-10-12	17.9	21.7	25.5	0.0	4.4	8.9
2017-10-13	18.2	21.8	25.3	0.0	2.8	6.1
2017-10-14	18.5	21.7	24.9	0.0	4.2	9.2
2017-10-15	17.2	21.1	25.0	0.0	3.3	7.2
2017-10-16	17.7	21.4	25.1	0.0	3.3	7.2
2017-10-17	16.3	20.6	24.8	0.0	3.3	8.3
2017-10-18	16.1	20.2	24.3	37.5	2.5	16.1
2017-10-19	15.8	18.4	21.1		4.2	11.4
2017-10-20	16.4	19.8	23.3	0.8	2.5	7.2
2017-10-21	15.0	19.6	24.1	0.1	3.9	7.8
2017-10-22	15.3	18.9	22.5	0.0	5.0	10.8
2017-10-23	13.1	17.2	21.3	0.0	4.7	15.0
2017-10-24	12.7	17.8	22.8	0.0	4.2	13.9
2017-10-25	13.8	18.6	23.3	0.0	3.1	8.3
2017-10-26	14.8	19.2	23.5	0.0	3.6	7.2
2017-10-27	15.5	20.2	24.8	0.0	3.3	8.9
2017-10-28	15.0	19.1	23.2	0.0	3.9	8.3
2017-10-29	13.2	18.8	24.4	0.0	3.9	10.8
2017-10-30	12.4	16.8	21.3	4.4	3.9	10.8
2017-10-31	12.8	16.2	19.6	0.0	2.5	7.2
2017-11-01	10.9	15.9	20.9	0.4	3.9	12.5
2017-11-02	15.0	18.8	22.6	0.0	5.0	9.2
2017-11-03	14.2	18.2	22.2	0.0	4.7	8.9
2017-11-04	15.6	19.4	23.2	4.9	4.4	10.8
2017-11-05	12.2	16.7	21.2	0.0	2.5	10.3
2017-11-06	8.8	13.5	18.2	0.0	5.3	12.8
2017-11-07	6.2	11.7	17.2	0.0	3.3	9.2
2017-11-08	6.0	10.8	15.5	0.0	4.4	11.4
2017-11-09	6.5	11.8	17.0	0.0	3.6	10.3
2017-11-10	6.1	11.6	17.2	0.0	3.1	9.7
2017-11-11	8.8	13.0	17.2	0.0	3.6	9.2
2017-11-12	10.7	15.4	20.2	0.0	3.9	10.8
2017-11-13	9.4	13.7	18.0	0.0	5.8	12.8
2017-11-14	6.7	12.0	17.4	0.0	3.3	13.3
2017-11-15	4.7	11.0	17.2	0.0	2.8	13.9
2017-11-16	5.3	11.6	17.8	0.0	3.3	9.2
2017-11-17	6.1	12.6	19.2	0.0	3.3	8.9
2017-11-18	7.5	13.8	20.2	0.0	2.5	11.4
2017-11-19	7.2	12.8	18.3	0.0	3.6	9.7
2017-11-20	6.6	12.9	19.2	0.0	3.6	9.2
2017-11-21	7.6	13.8	19.9	0.0	3.9	8.9
2017-11-22	7.3	13.2	19.2	0.0	4.4	7.8
2017-11-23	9.6	14.5	19.4	0.0	6.4	9.7
2017-11-24	10.0	15.5	21.0	0.0	3.9	9.2
2017-11-25	9.8	13.7	17.6	0.0	2.8	10.8
2017-11-26	7.1	11.4	15.8	0.0	3.1	11.7
2017-11-27	4.9	9.7	14.5	0.0	4.2	8.9
2017-11-28	5.1	10.8	16.6	0.0	4.2	9.2
2017-11-29	4.4	9.4	14.3	0.0	3.9	9.2
2017-11-30	3.6	9.1	14.6	0.0	3.3	10.8
2017-12-01	2.7	5.6	8.6	0.3	2.5	10.3
2017-12-02	1.9	6.8	11.6	0.0	5.3	12.5
2017-12-03	3.2	8.4	13.5	0.0	5.6	11.4
2017-12-04	1.9	8.5	15.1	0.0	4.4	11.4
2017-12-05	2.7	8.4	14.0	0.0	3.3	9.7
2017-12-06	2.5	8.8	15.1	0.0	4.2	10.8
2017-12-07	4.2	9.8	15.3	0.0	5.3	10.8
2017-12-08	5.6	8.8	12.1	0.0	4.7	10.3
2017-12-09	5.1	9.0	13.0	0.0	3.6	8.9
2017-12-10	8.4	13.3	18.2	0.7	5.3	12.5
2017-12-11	8.0	12.5	17.0	1.1	6.4	18.9
2017-12-12	5.0	8.5	12.0	0.0	2.2	12.8
2017-12-13	3.3	8.7	14.1	0.0	6.1	9.7
2017-12-14				0.0	1.9	9.2
2017-12-15	7.7	12.4	17.2	0.0	2.8	12.5
2017-12-16	4.2	9.6	14.9	0.0	5.8	12.5
2017-12-17	4.1	9.7	15.3	0.0	3.6	8.9
2017-12-18	4.5	7.2	10.0	0.0	3.3	11.4
2017-12-19	2.8	7.8	12.7	0.0	4.2	8.9
2017-12-20	3.6	8.5	13.4	0.0	5.0	8.3
2017-12-21	7.4	11.8	16.2	0.0	2.2	7.2
2017-12-22	7.2	11.6	16.1	0.0	4.2	9.7
2017-12-23	6.4	10.6	14.9	0.0	3.9	11.4
2017-12-24	4.5	9.8	15.2	0.0	5.6	9.7
2017-12-25	5.9	11.0	16.1	0.0	3.1	10.3
2017-12-26	6.2	10.8	15.3	1.0	2.5	10.8
2017-12-27	7.3	11.0	14.7		8.3	27.2
2017-12-28	4.4	9.0	13.6	0.0	3.1	11.4
2017-12-29	4.6	10.3	16.0	0.1	4.2	8.9
2017-12-30	8.6	15.2	21.9	0.0	3.1	11.4
2017-12-31	7.7	13.0	18.3	0.0	6.1	15.0
2018-01-01	9.7	13.2	16.6	0.0	6.1	18.1
2018-01-02	8.3	13.6	18.9	0.0	2.5	7.8
2018-01-03	10.6	16.8	22.9	0.0	7.5	16.9
2018-01-04	14.3	18.9	23.5	0.0	5.6	18.6
2018-01-05	10.0	15.0	20.0	0.0	4.4	11.7
2018-01-06	7.5	11.8	16.0	0.1	7.8	16.4
2018-01-07	6.7	11.2	15.8	6.8	3.3	13.3
2018-01-08	5.5	9.7	13.9	0.0	5.3	11.4
2018-01-09	4.6	9.6	14.6	0.0	3.6	9.2
2018-01-10	6.4	10.6	14.9	0.0	2.5	9.7
2018-01-11	7.8	11.0	14.3	0.0	4.7	11.4
2018-01-12	5.0	9.2	13.3	0.0	3.9	9.7
2018-01-13	2.8	8.4	14.0	10.3	3.9	12.8
2018-01-14	6.5	9.4	12.2	0.0	3.3	10.8
2018-01-15	4.8	9.3	13.8	0.0	3.1	9.7
2018-01-16	8.0	13.4	18.7	0.0	2.5	13.9
2018-01-17	10.7	14.4	18.1	1.4	6.4	19.7
2018-01-18	6.4	10.8	15.1	0.0	4.7	10.8
2018-01-19	5.7	9.6	13.6	0.0	4.2	11.4
2018-01-20	5.9	11.2	16.6	0.0	6.7	13.3
2018-01-21	15.0	19.4	23.8	0.0	7.8	14.4
2018-01-22	11.4	16.4	21.5	0.0	5.0	12.5
2018-01-23	9.4	13.8	18.2	0.0	2.8	7.8
2018-01-24	7.4	12.2	16.9	0.0	5.0	9.2
2018-01-25	9.8	12.2	14.7	2.2	3.6	9.7
2018-01-26	6.8	10.4	13.9	33.6	5.0	13.3
2018-01-27	6.2	9.7	13.2	0.0	5.3	10.8
2018-01-28	8.2	12.0	15.7	0.0	3.1	7.2
2018-01-29	6.7	11.6	16.5	0.0	3.6	8.3
2018-01-30	6.1	10.6	15.2	0.0	4.7	8.9
2018-01-31	4.7	9.7	14.7	0.0	5.8	11.4
2018-02-01	5.8	8.6	11.5	3.7	4.7	12.5
2018-02-02	4.3	8.2	12.2	0.0	2.2	8.3
2018-02-03	3.6	8.2	12.9	0.0	6.1	15.3
2018-02-04	6.5	8.6	10.6	51.9	6.4	21.1
2018-02-05	6.4	8.4	10.4	27.2	3.9	12.8
2018-02-06	7.3	9.2	11.2	3.8	3.1	8.3
2018-02-07	3.6	7.6	11.7	0.0	3.1	8.3
2018-02-08	2.4	5.6	8.9	0.4	4.7	9.2
2018-02-09	0.6	5.4	10.3	0.0	3.3	8.9
2018-02-10	2.8	8.2	13.5	0.0	3.6	8.9
2018-02-11	2.4	8.6	14.8	1.4	6.9	11.7
2018-02-12	3.2	7.9	12.6	11.8	3.6	9.2
2018-02-13	1.5	6.6	11.8	0.0	5.8	15.3
2018-02-14	4.1	8.0	11.8	0.0	3.6	7.8
2018-02-15	6.7	11.8	17.0	0.0	4.2	6.7
2018-02-16	10.4	13.2	16.1	0.0	4.2	8.9
2018-02-17	8.6	12.2	15.7	0.3	3.3	10.8
2018-02-18	7.0	11.1	15.2	0.0	4.2	9.2
2018-02-19	6.7	10.1	13.5	0.0	3.3	8.9
2018-02-20	9.2	12.3	15.4	0.0	3.1	6.1
2018-02-21	5.6	10.2	14.7	0.1	5.6	12.8
2018-02-22	2.3	6.6	11.0	0.3	4.2	9.2
2018-02-23	4.7	7.8	11.0	0.0	4.2	11.4
2018-02-24	2.3	7.4	12.6	0.0	4.4	9.7
2018-02-25	4.8	10.0	15.3	0.0	3.1	10.8
2018-02-26	3.8	7.8	11.9	0.3	6.1	15.0
2018-02-27	1.7	3.4	5.1	3.7	2.5	13.3
2018-02-28	0.7	4.0	7.2	9.4	5.3	13.3
2018-03-01	6.8	11.0	15.3	1.1	4.7	12.8
2018-03-02	10.1	12.7	15.3	2.6	7.8	21.1
2018-03-03	9.1	14.4	19.7	0.0	3.9	15.6
2018-03-04	9.1	12.6	16.2	0.0	2.8	9.7
2018-03-05	8.1	12.4	16.8	2.1	4.7	14.4
2018-03-06	8.9	13.3	17.7	0.0	4.4	15.3
2018-03-07	6.4	12.0	17.6	0.0	5.0	11.7
2018-03-08	7.2	11.3	15.4	0.1	5.6	10.3
2018-03-09	7.4	11.7	16.0	0.0	4.2	10.8
2018-03-10	11.4	14.8	18.2	0.8	5.3	10.3
2018-03-11	10.8	14.4	17.9	0.2	6.9	16.4
2018-03-12	11.0	15.8	20.5	0.0	5.6	16.1
2018-03-13	8.3	12.4	16.6	0.0	5.0	8.9
2018-03-14	7.7	11.8	15.9	0.1	4.7	8.3
2018-03-15	12.1	15.9	19.7		5.3	14.4
2018-03-16	9.2	13.4	17.7	0.0	6.4	14.4
2018-03-17	6.7	11.0	15.4	2.0	4.4	13.9
2018-03-18	5.4	10.2	15.0	0.0	5.3	10.8
2018-03-19	6.3	11.0	15.7	29.7	5.8	14.4
2018-03-20	2.6	8.2	13.9	0.0	3.3	12.5
2018-03-21	4.1	9.5	14.9	0.0	4.2	9.7
2018-03-22	3.6	10.6	17.5	0.0	5.3	11.4
2018-03-23	6.6	11.8	17.1	3.3	3.9	12.5
2018-03-24	7.1	8.6	10.0	28.5	4.7	15.0
2018-03-25	8.5	11.2	14.0	0.0	2.8	8.3
2018-03-26	6.6	12.0	17.5	0.0	5.8	12.5
2018-03-27	7.7	11.9	16.1	0.0	5.6	11.4
2018-03-28	11.3	15.5	19.7	0.0	4.4	10.8
2018-03-29	11.7	14.4	17.1	0.0	3.3	8.3
2018-03-30	10.4	14.8	19.3		5.3	18.6
2018-03-31	10.1	14.4	18.6	0.0	8.9	18.6
2018-04-01	7.5	12.2	17.0	0.0	4.7	9.2
2018-04-02	8.4	13.5	18.6	0.0	5.3	10.8
2018-04-03	11.7	14.3	16.9	0.0	5.6	11.7
2018-04-04	12.6	18.0	23.5	0.0	5.3	16.1
2018-04-05	11.3	15.4	19.5	0.0	3.1	8.3
2018-04-06	9.5	13.4	17.4	0.0	4.7	12.8
2018-04-07	13.6	15.7	17.8	4.2	10.8	17.5
2018-04-08	12.4	14.0	15.6	1.3	7.2	12.8
2018-04-09	9.7	13.4	17.2	0.0	3.6	9.7
2018-04-10	7.3	12.0	16.8	23.1	3.6	10.8
2018-04-11	9.3	12.5	15.7	5.7	6.1	16.1
2018-04-12	8.1	12.4	16.8	0.0	5.3	11.7
2018-04-13	10.6	13.4	16.3	5.8	4.4	9.2
2018-04-14	12.8	13.9	15.0	8.1	4.2	14.4
2018-04-15	13.0	16.1	19.2	0.0	5.0	13.3
2018-04-16	11.4	14.2	17.1	0.6	3.3	9.7
2018-04-17	11.0	16.8	22.6	0.0	5.8	10.3
2018-04-18	14.0	18.8	23.5	0.0	4.2	11.4
2018-04-19	13.8	18.0	22.1	0.0	4.7	9.7
2018-04-20	12.7	16.8	21.0	0.0	3.1	7.2
2018-04-21	13.1	18.0	23.0	0.0	4.7	8.9
2018-04-22	14.4	18.4	22.5	0.0	4.4	10.3
2018-04-23	14.7	19.0	23.4	0.0	3.3	5.8
2018-04-24	15.2	20.0	24.8	0.0	3.1	6.7
2018-04-25	15.5	20.5	25.5	0.0	6.4	12.5
2018-04-26	15.4	18.4	21.4	0.0	4.2	8.3
2018-04-27	14.7	18.6	22.6	0.0	3.3	12.5
2018-04-28	15.8	18.4	21.1	0.4	2.5	6.7
2018-04-29	12.8	16.4	20.1	0.2	7.5	22.8
2018-04-30	10.0	14.7	19.4	25.8	5.6	12.5
2018-05-01	9.3	13.0	16.8	7.2	3.9	14.4
2018-05-02	7.2	13.2	19.1	0.0	5.8	11.4
2018-05-03	11.6	17.6	23.6	1.5	3.6	9.2
2018-05-04	13.1	15.4	17.6	0.1	5.0	9.7
2018-05-05	14.7	18.0	21.3	1.4	4.4	10.8
2018-05-06	14.8	18.6	22.5	2.6	4.2	12.5
2018-05-07	15.7	19.2	22.8	0.0	5.0	11.4
2018-05-08	15.3	18.6	22.0	0.5	3.3	8.3
2018-05-09	14.7	18.3	21.9		3.6	7.8
2018-05-10	16.0	18.4	20.9	0.0	4.2	9.2
2018-05-11	14.3	17.7	21.1	0.0	7.2	14.4
2018-05-12	14.7	17.6	20.6	6.0	3.3	10.3
2018-05-13	10.1	15.0	19.8	0.0	5.6	14.4
2018-05-14	10.5	15.0	19.6	0.0	5.6	11.4
2018-05-15	11.0	17.2	23.3	0.0	6.4	13.3
2018-05-16	13.5	17.8	22.2	0.0	4.4	9.7
2018-05-17	15.4	19.4	23.5	0.0	3.1	6.7
2018-05-18	16.6	19.2	21.8	0.0	2.5	6.7
2018-05-19	15.0	19.6	24.1	0.0	3.3	7.2
2018-05-20	16.6	20.4	24.3	0.0	4.2	8.3
2018-05-21	15.6	18.7	21.8	0.0	3.1	8.3
2018-05-22	16.7	19.6	22.6	0.0	2.8	7.2
2018-05-23	15.9	19.4	23.0	0.0	4.2	10.8
2018-05-24	17.3	21.0	24.6		2.5	8.9
2018-05-25	17.3	21.2	25.2	0.9	9.2	16.4
2018-05-26	18.7	21.2	23.6	0.0	8.9	15.0
2018-05-27	19.8	22.0	24.2	0.0	7.5	14.4
2018-05-28	19.6	21.6	23.6	0.0	4.2	9.2
2018-05-29	19.5	21.6	23.8	0.9	5.3	10.3
2018-05-30	18.3	20.9	23.5	0.0	4.2	8.3
2018-05-31	16.2	20.0	23.8	0.0	3.6	7.2
2018-06-01	18.3	21.4	24.4	0.0	3.3	7.8
2018-06-02	18.3	21.2	24.1	0.0	3.3	6.1
2018-06-03	16.6	18.8	21.1	33.9	5.3	15.3
2018-06-04	15.3	19.2	23.0	0.0	3.9	8.9
2018-06-05	17.6	20.8	23.9	0.1	3.6	9.7
2018-06-06	16.3	19.9	23.5		3.9	11.9
2018-06-07	16.9	20.6	24.2	1.8	3.3	12.8
2018-06-08	16.4	20.2	24.1	0.0	5.0	9.2
2018-06-09	18.0	22.0	26.0	0.0	2.5	7.8
2018-06-10	19.7	24.1	28.5	0.1	6.7	11.7
2018-06-11				0.0	6.9	
2018-06-12	20.8	24.7	28.6	0.0	6.1	15.3
2018-06-13	18.2	24.8	31.3	0.0	4.4	11.4
2018-06-14	18.4	21.7	25.0	0.0	5.6	10.3
2018-06-15	17.6	21.8	26.0	0.4	4.2	8.9
2018-06-16	18.4	21.8	25.1	0.0	4.7	9.7
2018-06-17	19.6	22.7	25.8	0.0	3.6	9.2
2018-06-18	19.0	22.6	26.3	0.0	4.7	8.3
2018-06-19	19.4	23.5	27.6	0.0	6.1	9.7
2018-06-20	20.8	24.4	28.1	0.0	3.3	7.2
2018-06-21	20.7	24.6	28.6	0.0	3.9	7.8
2018-06-22	23.2	26.0	28.7	0.0	3.6	9.2
2018-06-23	21.7	23.7	25.7	0.0	3.3	7.8
2018-06-24	21.1	24.1	27.1	0.0	3.6	9.7
2018-06-25	22.0	24.6	27.2	0.0	2.8	9.7
2018-06-26	22.2	24.8	27.3	0.0	2.5	7.2
2018-06-27	21.3	25.0	28.7	0.0	5.3	11.7
2018-06-28	21.8	25.2	28.6	0.2	3.3	11.7
2018-06-29	21.0	24.2	27.5	0.0	3.6	8.3
2018-06-30	20.9	24.5	28.1	0.0	5.0	9.7
2018-07-01	20.2	24.1	28.0	0.0	4.2	11.4
2018-07-02	22.2	25.2	28.2	0.0	2.8	7.2
2018-07-03	23.1	26.5	29.9	0.0	3.6	7.8
2018-07-04	20.9	24.8	28.8	0.0	3.6	8.3
2018-07-05	23.9	26.3	28.7	0.0	5.0	11.7
2018-07-06	23.2	25.8	28.5	0.0	6.1	9.7
2018-07-07	23.0	25.9	28.8	0.0	4.2	11.4
2018-07-08	22.2	26.6	31.0	0.0	4.2	9.2
2018-07-09	23.3	26.7	30.1		6.1	12.8
2018-07-10	23.1	26.4	29.8	0.0	5.8	10.8
2018-07-11	23.2	26.6	30.1	0.1	2.8	9.2
2018-07-12	22.7	26.0	29.4	0.0	6.7	10.8
2018-07-13	21.8	26.3	30.8	0.0	4.7	12.5
2018-07-14	22.5	26.4	30.4	0.0	4.2	8.3
2018-07-15	22.2	26.0	29.8	2.1	3.1	7.2
2018-07-16	23.4	26.9	30.4	13.8	3.9	13.3
2018-07-17	22.8	26.2	29.7	0.0	4.4	9.2
2018-07-18	21.9	25.9	29.9	0.0	4.2	7.2
2018-07-19	22.3	25.8	29.4	0.0	4.2	7.8
2018-07-20	21.7	26.0	30.3	0.0	3.1	7.2
2018-07-21	23.9	26.6	29.4	0.4	5.8	10.3
2018-07-22	21.4	24.3	27.2	1.1	4.4	10.8
2018-07-23	20.1	24.6	29.0	0.0	5.8	10.8
2018-07-24	23.3	26.4	29.6	0.0	3.9	9.7
2018-07-25	21.7	26.5	31.3	0.0	3.6	8.3
2018-07-26	23.1	27.1	31.1	0.0	5.3	9.7
2018-07-27	22.8	26.4	30.0	0.0	5.6	11.4
2018-07-28	23.5	26.8	30.0	0.0	4.2	9.7
2018-07-29	23.9	27.0	30.1	0.0	4.7	9.7
2018-07-30	24.6	27.8	31.0	0.0	3.3	6.7
2018-07-31	23.7	27.7	31.7	0.0	2.2	6.7
2018-08-01	24.1	29.0	33.9	0.0	4.4	8.3
2018-08-02	25.9	29.8	33.7	0.0	3.3	7.2
2018-08-03	26.7	30.9	35.1	0.0	3.1	6.7
2018-08-04	27.2	32.1	37.0	0.0	4.2	9.2
2018-08-05	27.3	32.0	36.6	0.0	4.2	7.8
2018-08-06	25.9	29.2	32.4	0.0	3.3	7.8
2018-08-07	26.1	29.2	32.2	0.1	4.7	10.3
2018-08-08	26.0	28.8	31.6		3.6	9.2
2018-08-09	22.8	27.6	32.3	2.0	5.6	12.8
2018-08-10	22.3	25.6	28.9	0.0	4.4	10.8
2018-08-11	21.8	25.2	28.6	0.0	3.6	7.8
2018-08-12	24.3	27.6	30.8	0.8	4.7	11.4
2018-08-13	23.7	27.0	30.2	1.8	4.7	10.3
2018-08-14	22.4	25.4	28.5	0.0	4.2	10.3
2018-08-15	23.5	26.5	29.5	0.0	5.0	9.2
2018-08-16	23.7	26.8	30.0	0.0	3.9	10.8
2018-08-17	20.8	25.3	29.8	2.7	4.7	16.1
2018-08-18	19.1	23.9	28.7	0.0	4.4	8.9
2018-08-19	21.5	26.2	31.0	0.0	4.7	9.2
2018-08-20	22.4	27.0	31.5	0.0	4.7	9.2
2018-08-21	23.4	27.8	32.1	0.0	3.9	8.3
2018-08-22	23.0	27.8	32.5	0.0	3.6	9.7
2018-08-23	22.9	26.7	30.5	0.0	5.3	10.3
2018-08-24	22.4	26.6	30.8	0.0	4.4	7.8
2018-08-25	22.5	24.7	26.9	0.0	6.1	13.9
2018-08-26	20.8	24.0	27.2	0.0	4.4	9.7
2018-08-27	22.5	25.8	29.0	0.0	4.2	8.3
2018-08-28	22.6	26.2	29.8	0.0	4.7	12.5
2018-08-29	23.2	26.6	30.0	1.6	3.6	11.4
2018-08-30	22.8	26.2	29.7	74.0	5.6	10.8
2018-08-31	21.3	23.7	26.1	0.4	3.9	10.8
2018-09-01	22.4	24.3	26.2	1.0	3.6	9.7
2018-09-02	22.5	25.2	28.0	0.0	3.1	10.3
2018-09-03	23.3	26.0	28.8	1.5	3.1	9.2
2018-09-04	23.1	25.6	28.2	0.0	5.6	9.7
2018-09-05	21.2	24.4	27.7	15.7	4.4	9.2
2018-09-06	19.3	23.3	27.3	3.0	5.6	11.7
2018-09-07	19.2	23.2	27.3	0.2	4.4	8.3
2018-09-08	21.0	24.6	28.1	0.0	3.1	6.9
2018-09-09	21.6	25.0	28.3	0.0	4.4	7.8
2018-09-10	21.4	23.6	25.8	0.1	2.2	10.3
2018-09-11	20.3	24.6	28.9	0.0	3.9	7.8
2018-09-12	20.9	24.5	28.1	1.8	3.1	15.0
2018-09-13	19.8	23.9	28.0	0.0	5.6	10.8
2018-09-14	21.3	24.8	28.4	0.0	4.2	8.3
2018-09-15	21.8	24.5	27.2	0.9	3.6	8.9
2018-09-16	21.2	24.6	27.9	0.3	2.8	8.3
2018-09-17	20.9	24.2	27.6	4.1	4.4	8.9
2018-09-18	20.3	23.2	26.1	1.3	3.6	10.8
2018-09-19	20.3	23.8	27.2	0.0	3.3	7.2
2018-09-20	21.0	25.4	29.7	0.0	5.0	9.7
2018-09-21	21.0	25.0	29.1	0.0	4.4	11.4
2018-09-22	22.2	25.5	28.8	0.0	5.0	10.3
2018-09-23	21.8	25.3	28.8	0.0	5.8	11.7
2018-09-24	21.9	24.1	26.3	1.2	4.4	9.7
2018-09-25	18.3	22.2	26.0	0.0	7.2	14.4
2018-09-26	18.0	21.6	25.2	0.0	8.9	16.1
2018-09-27	15.8	20.0	24.2	0.0	3.6	7.2
2018-09-28	16.1	21.6	27.0	0.0	5.8	10.3
2018-09-29	18.6	23.0	27.5	0.0	5.6	10.8
2018-09-30	18.9	22.8	26.8	0.0	5.0	10.3
2018-10-01	18.2	21.7	25.2	0.0	5.3	11.4
2018-10-02	14.8	19.6	24.4	0.0	4.4	13.3
2018-10-03	15.7	20.8	26.0	0.0	5.0	8.9
2018-10-04	15.8	20.6	25.5	0.0	3.9	9.2
2018-10-05	16.0	20.6	25.1	0.0	4.2	8.3
2018-10-06	17.2	21.4	25.7	0.3	4.4	9.7
2018-10-07	15.4	19.4	23.5	6.9	4.4	10.3
2018-10-08	15.0	18.4	21.8	5.1	4.4	8.9
2018-10-09	15.4	18.8	22.1	4.2	8.1	15.3
2018-10-10	17.4	20.8	24.3		3.6	11.7
2018-10-11	17.1	21.2	25.3	0.0	4.7	9.7
2018-10-12	17.8	21.6	25.5	0.0	3.6	8.9
2018-10-13	19.7	22.5	25.3	1.2	1.9	5.8
2018-10-14	18.5	22.2	26.0	18.2	5.6	17.5
2018-10-15	16.4	20.0	23.7	0.0	3.1	15.0
2018-10-16	15.1	19.0	23.0	0.0	4.7	9.2
2018-10-17	16.1	19.5	22.9	0.0	5.6	12.5
2018-10-18	16.6	19.7	22.8	10.1	6.4	16.4
2018-10-19	18.0	21.2	24.3	23.8	7.5	16.1
2018-10-20	17.2	20.5	23.8	0.0	4.7	12.5
2018-10-21	16.3	20.0	23.6	0.0	4.7	9.7
2018-10-22	15.6	19.4	23.2	0.0	4.4	12.5
2018-10-23	14.0	18.4	22.7	0.0	4.2	9.7
2018-10-24	14.4	19.7	25.0	0.0	4.2	11.7
2018-10-25	14.6	19.0	23.3	0.0	3.1	9.2
2018-10-26	12.9	18.0	23.2	0.5	4.2	8.9
2018-10-27	10.5	14.2	17.9	21.4	1.9	9.7
2018-10-28	9.0	11.0	13.1	4.0	2.8	12.5
2018-10-29	7.4	11.4	15.4	0.0	3.6	13.3
2018-10-30	5.4	11.5	17.6	24.1	2.8	9.2
2018-10-31	10.8	14.3	17.8	20.5	7.8	16.4
2018-11-01	9.3	13.6	17.9	0.0	3.9	8.9
2018-11-02	9.8	14.8	19.8	0.0	3.9	8.3
2018-11-03	9.0	14.0	19.0	0.0	3.1	10.8
2018-11-04	10.6	16.0	21.4	0.0	3.9	10.3
2018-11-05	12.1	16.0	19.9	2.1	5.3	14.4
2018-11-06	10.6	13.8	17.1	0.0	3.6	10.8
2018-11-07	9.5	14.6	19.6	0.0	3.9	11.4
2018-11-08	11.2	14.6	18.1	18.9	2.2	6.1
2018-11-09	10.9	13.9	16.9	0.5	3.6	9.2
2018-11-10	9.7	14.4	19.2	0.0	3.6	10.3
2018-11-11	12.5	17.1	21.7	0.0	2.2	8.3
2018-11-12	13.6	17.0	20.3	0.0	5.3	9.7
2018-11-13	14.8	18.1	21.4	0.0	6.4	12.8
2018-11-14	15.1	17.4	19.8	0.2	5.3	9.2
2018-11-15	14.3	17.2	20.2	60.4	4.7	13.3
2018-11-16	13.2	15.4	17.6	0.0	5.0	7.8
2018-11-17	12.9	15.0	17.0	0.0	5.3	9.2
2018-11-18	12.3	13.8	15.3	12.3	8.6	15.0
2018-11-19	10.8	13.5	16.2	0.0	5.8	12.8
2018-11-20	10.0	13.2	16.4	4.9	3.6	10.3
2018-11-21	9.2	13.8	18.3	0.0	3.6	10.3
2018-11-22	8.7	13.5	18.3		2.2	7.8
2018-11-23	7.5	10.0	12.6	3.0	3.9	8.3
2018-11-24	6.9	11.9	16.9	0.0	3.1	7.2
2018-11-25	7.1	11.5	15.9	0.0	4.7	10.8
2018-11-26	8.5	12.2	15.8	2.5	4.7	9.2
2018-11-27	5.6	11.2	16.7	0.0	2.8	8.9
2018-11-28	6.7	11.9	17.1	0.0	2.8	8.3
2018-11-29	7.0	11.8	16.5	0.0	1.9	7.8
2018-11-30	9.4	12.6	15.8	0.0	3.6	9.2
2018-12-01	7.6	11.3	15.0	0.0	2.5	7.8
2018-12-02	8.2	13.0	17.8	0.0	4.7	8.9
2018-12-03	9.8	13.6	17.4	0.0	4.4	10.3
2018-12-04	10.8	15.5	20.2	0.0	3.9	11.7
2018-12-05	9.3	13.6	18.0	0.0	4.4	8.3
2018-12-06	9.7	13.6	17.6	0.0	4.7	10.3
2018-12-07	8.1	11.1	14.1	0.0	4.7	10.3
2018-12-08	8.2	11.8	15.3	0.0	3.3	9.7
2018-12-09	7.5	12.3	17.1	0.0	4.4	10.3
2018-12-10	8.1	11.7	15.3	0.0	2.8	8.3
2018-12-11	5.3	10.4	15.5	0.0	3.3	10.8
2018-12-12	7.4	12.0	16.7	0.0	2.8	7.8
2018-12-13	9.7	10.7	11.7	4.3	2.2	7.2
2018-12-14	8.3	11.9	15.5	0.0	1.9	8.3
2018-12-15	7.1	11.0	14.9	0.0	1.7	11.4
2018-12-16	10.5	12.8	15.2	0.0	2.2	13.3
2018-12-17	7.9	11.6	15.2	0.0	3.9	14.4
2018-12-18	5.0	10.2	15.3	0.0	3.9	10.3
2018-12-19	8.6	13.4	18.3	0.0		
2018-12-20	7.0	11.6	16.3	0.0	3.1	7.8
2018-12-21	5.6	11.2	16.8	0.0	5.6	11.4
2018-12-22	9.1	14.7	20.3	0.0	2.8	8.9
2018-12-23	8.8	13.2	17.6	0.0	3.3	9.2
2018-12-24	9.8	14.1	18.4	0.0	4.7	10.3
2018-12-25	7.6	11.6	15.6	0.0	3.3	8.3
2018-12-26	8.0	12.0	16.1	0.0	3.3	10.8
2018-12-27	7.6	11.6	15.6	0.0	3.3	8.3
2018-12-28	5.6	10.4	15.3	0.0	4.7	9.7
2018-12-29	5.5	9.2	12.9	0.0	5.3	10.3
2018-12-30	3.9	9.4	15.0	0.0	6.9	11.7
2018-12-31	5.7	11.2	16.6	0.0	3.6	11.4
2019-01-01	5.3	11.3	17.3	0.0	2.5	9.2
2019-01-02	5.0	9.0	13.0	0.0	6.7	11.4
2019-01-03	3.2	8.7	14.2	0.0	4.7	12.5
2019-01-04	2.2	7.6	12.9	0.0	3.6	8.9
2019-01-05	3.5	8.4	13.4	0.0	6.4	9.2
2019-01-06	6.6	11.7	16.8	0.0	7.8	14.4
2019-01-07	5.6	10.6	15.7	0.0	3.9	9.7
2019-01-08	3.3	8.3	13.3	0.0	3.9	11.4
2019-01-09	6.1	10.5	14.9	0.0	3.6	10.3
2019-01-10	3.0	7.9	12.8	0.0	3.1	10.8
2019-01-11	1.3	6.2	11.1	0.0	3.6	10.0
2019-01-12	2.3	8.0	13.7	0.0	3.3	10.3
2019-01-13	3.3	9.6	16.0	0.0	3.3	9.2
2019-01-14	7.5	12.0	16.6	0.0	3.6	10.8
2019-01-15	5.3	10.1	14.9	0.0	3.9	8.9
2019-01-16	5.8	10.3	14.8	0.0	4.4	7.8
2019-01-17	7.8	11.8	15.8	12.0	3.3	8.9
2019-01-18	5.6	8.0	10.3	0.0	5.0	10.8
2019-01-19	3.2	8.2	13.3	7.1	2.8	9.2
2019-01-20	5.3	7.8	10.4	13.2	4.4	14.4
2019-01-21	3.8	8.6	13.4	0.0	3.1	8.9
2019-01-22	1.6	6.2	10.7	0.0	3.9	8.9
2019-01-23	3.4	8.8	14.1		3.6	11.7
2019-01-24	3.3	8.8	14.3	0.0	6.1	18.6
2019-01-25	1.8	8.2	14.6	0.0	3.1	11.7
2019-01-26	5.6	10.5	15.4	0.0	3.6	10.8
2019-01-27	6.0	11.6	17.2	0.0	5.6	16.9
2019-01-28	6.3	11.0	15.6	0.0	6.1	15.3
2019-01-29	5.8	8.3	10.8	0.0	4.2	10.3
2019-01-30	6.4	10.6	14.7	0.0	5.8	13.9
2019-01-31	7.2	11.4	15.6	0.3	3.1	11.4
2019-02-01	9.0	12.4	15.8	0.1	5.8	15.0
2019-02-02	7.6	10.6	13.5	0.0	5.3	14.4
2019-02-03	5.0	9.8	14.6	0.0	3.9	13.3
2019-02-04	3.2	8.4	13.6	0.0	3.1	9.7
2019-02-05	6.5	10.8	15.0	0.0	3.6	8.9
2019-02-06	7.0	11.4	15.7	0.0	4.2	7.2
2019-02-07	6.8	10.6	14.3		2.8	8.3
2019-02-08	6.2	10.6	15.1		5.8	11.7
2019-02-09	6.8	11.4	15.9	0.0	3.1	7.8
2019-02-10	6.6	13.0	19.3	0.0	6.9	15.0
2019-02-11	8.4	12.7	17.0	0.0	3.3	8.3
2019-02-12	5.4	10.4	15.4	0.0	5.8	10.8
2019-02-13	4.2	9.4	14.7	0.0	3.6	8.3
2019-02-14	3.9	9.0	14.1	0.0	4.4	8.9
2019-02-15	2.9	8.4	13.9	0.0	3.9	7.8
2019-02-16	3.6	10.1	16.6	0.0	3.1	11.4
2019-02-17	3.8	9.6	15.3	0.0	3.6	8.9
2019-02-18	5.7	11.0	16.3	0.0	4.2	8.3
2019-02-19	7.8	11.6	15.3	0.0	3.6	7.2
2019-02-20	7.5	12.2	16.9	0.0	2.8	5.8
2019-02-21	5.0	9.9	14.8	0.0	5.3	9.2
2019-02-22	7.1	13.0	19.0	0.0	5.3	9.2
2019-02-23	8.8	14.0	19.3	0.0	5.0	10.3
2019-02-24	7.2	11.5	15.8	0.0	3.3	8.9
2019-02-25	6.5	11.2	15.8	0.0	4.7	8.3
2019-02-26	7.9	13.6	19.3	0.0	3.9	8.3
2019-02-27	7.9	12.6	17.2	0.0	4.4	8.9
2019-02-28	8.8	14.0	19.1	0.0	3.1	7.2
2019-03-01	8.4	12.8	17.2	0.0	3.1	7.8
2019-03-02	10.0	13.6	17.3	0.0	2.8	9.2
2019-03-03	8.3	13.2	18.2	0.0	7.2	11.7
2019-03-04	10.9	16.6	22.4	0.0	6.1	15.3
2019-03-05	10.0	13.6	17.1	0.0	3.3	6.1
2019-03-06	10.0	12.8	15.7	0.2	3.1	7.8
2019-03-07	10.7	15.2	19.8	0.0	4.4	11.7
2019-03-08	6.8	12.8	18.8	0.0	3.9	7.2
2019-03-09	7.0	12.5	18.0	0.0	5.3	9.7
2019-03-10	9.9	14.1	18.3	0.0	4.4	8.3
2019-03-11	11.6	14.3	17.0	0.0	5.6	11.4
2019-03-12	10.7	13.8	16.9	0.0	5.6	11.7
2019-03-13	9.9	12.0	14.1	0.0	4.2	12.5
2019-03-14	7.2	12.8	18.5	0.0	5.8	11.7
2019-03-15	10.4	14.9	19.4	0.0	4.4	10.3
2019-03-16	9.1	13.2	17.4	0.0	6.4	13.3
2019-03-17	9.4	13.1	16.8	0.0	3.9	14.4
2019-03-18	8.4	12.0	15.7	0.0	3.6	9.7
2019-03-19	9.7	12.6	15.5	0.0	2.8	8.3
2019-03-20	7.5	11.8	16.1	0.0	4.7	10.3
2019-03-21	6.4	11.6	16.9	0.0	6.7	13.3
2019-03-22	8.3	14.3	20.3	0.0	6.9	12.8
2019-03-23	8.9	15.2	21.4	0.0	5.6	8.9
2019-03-24	10.9	16.3	21.7	0.0	3.1	7.8
2019-03-25	10.7	16.2	21.8	0.0	5.8	12.5
2019-03-26	10.0	15.4	20.9	0.0	5.6	10.8
2019-03-27	6.0	11.6	17.3	0.0	4.4	8.3
2019-03-28	7.2	12.4	17.5	0.0	3.9	8.9
2019-03-29	7.9	12.4	16.8	0.0	4.4	7.8
2019-03-30	6.7	11.6	16.6	0.0	5.0	8.3
2019-03-31	10.2	13.4	16.7	0.0	6.7	12.8
2019-04-01	10.8	14.4	18.1	0.0	3.6	7.5
2019-04-02	10.9	14.4	17.9	0.0	5.3	12.5
2019-04-03	10.4	13.9	17.4	3.4	4.2	10.3
2019-04-04	6.0	11.0	16.0	0.0	3.9	9.2
2019-04-05	6.6	12.0	17.4	2.2	5.3	12.8
2019-04-06	8.5	13.6	18.7	0.7	6.4	13.9
2019-04-07	8.4	13.2	18.0	1.4	3.3	9.2
2019-04-08	7.6	12.8	17.9	1.8	6.4	12.5
2019-04-09	8.5	12.6	16.7	10.5	3.9	13.3
2019-04-10	9.2	14.0	18.8	1.1	4.4	10.8
2019-04-11	10.1	15.0	19.8	0.0	3.6	8.3
2019-04-12	12.0	15.2	18.5	0.0	3.9	9.7
2019-04-13	10.0	14.8	19.5	0.0	4.4	8.9
2019-04-14	9.2	13.2	17.3	0.0	5.0	9.2
2019-04-15	11.4	13.8	16.3	0.0	4.2	10.3
2019-04-16	11.2	14.8	18.4	0.0	3.6	7.2
2019-04-17	11.1	14.6	18.0	0.0	3.1	8.3
2019-04-18	14.3	16.4	18.5	0.0	10.8	19.7
2019-04-19	15.9	18.2	20.6	0.0	13.9	20.6
2019-04-20	13.5	16.2	18.9	0.1	10.3	17.5
2019-04-21	13.2	16.6	19.9	0.2	10.6	18.9
2019-04-22	14.3	16.3	18.3	2.1	7.8	18.1
2019-04-23	14.3	16.6	18.9	0.1	3.9	9.7
2019-04-24	13.0	15.6	18.1	0.0	5.6	15.3
2019-04-25	13.1	15.6	18.1	0.4	5.0	9.2
2019-04-26	12.4	18.4	24.5	0.0	6.1	13.3
2019-04-27	10.3	14.9	19.5	0.0	4.7	8.3
2019-04-28	10.9	14.0	17.0	0.0	3.9	7.8
2019-04-29	14.3	16.4	18.5	0.3	4.2	11.4
2019-04-30	14.9	17.0	19.1	0.0	5.8	11.7
2019-05-01	12.4	16.1	19.8	0.0	5.0	11.7
2019-05-02	12.2	15.8	19.4	0.2	2.5	8.3
2019-05-03	11.1	13.6	16.0	29.0	2.2	9.2
2019-05-04	9.2	14.8	20.3	0.0	5.6	13.3
2019-05-05	11.4	17.4	23.3	0.0	5.0	11.7
2019-05-06	10.7	14.4	18.0	0.0	5.0	9.2
2019-05-07	11.6	14.8	17.9	0.0	3.6	7.2
2019-05-08	15.8	18.0	20.1	0.3	6.9	14.4
2019-05-09	13.5	17.2	20.9	0.0	5.0	11.7
2019-05-10	14.4	17.6	20.9	0.2	4.2	8.3
2019-05-11	15.0	18.2	21.3	0.0	3.3	8.3
2019-05-12	12.8	17.2	21.7	0.0	4.2	9.7
2019-05-13	12.0	16.0	20.1	0.0	5.0	8.9
2019-05-14	11.8	15.9	20.0	0.0	5.3	11.4
2019-05-15	12.8	16.1	19.4	0.0	7.2	15.0
2019-05-16	10.9	15.1	19.3	1.2	4.2	10.3
2019-05-17	12.2	15.0	17.9	36.7	3.9	10.3
2019-05-18	12.5	16.2	19.9		5.6	13.3
2019-05-19	11.0	14.6	18.3	1.0	2.8	10.3
2019-05-20	11.0	15.6	20.2	0.0	4.7	9.2
2019-05-21	11.9	16.2	20.6	0.0	4.4	11.9
2019-05-22	14.8	17.9	21.0	0.0	4.7	9.7
2019-05-23	14.1	18.0	21.9	1.8	3.6	8.9
2019-05-24	14.4	16.0	17.7	17.8	2.5	5.8
2019-05-25	14.3	18.4	22.6		1.4	9.2
2019-05-26	15.7	20.0	24.4	0.0	5.6	9.2
2019-05-27	15.7	19.4	23.1	1.0	4.7	9.7
2019-05-28	15.8	18.3	20.8	0.0	4.4	9.2
2019-05-29	15.1	18.0	21.0	0.0	4.2	10.3
2019-05-30	13.7	17.6	21.5	0.0	4.4	8.3
2019-05-31	15.2	19.8	24.4	0.0	5.8	9.7
2019-06-01	16.7	20.3	23.9	0.0	6.9	12.5
2019-06-02	16.8	20.4	24.0	0.0	6.7	12.8
2019-06-03	16.6	20.4	24.3	0.0	5.8	9.7
2019-06-04	16.4	20.2	23.9	0.0	2.5	9.7
2019-06-05	16.5	21.6	26.6	0.0	6.7	16.9
2019-06-06	17.0	19.4	21.8	0.0	3.9	8.9
2019-06-07	17.7	21.1	24.5	0.0	5.3	15.0
2019-06-08	15.6	19.4	23.2	0.0	5.6	11.7
2019-06-09	19.2	23.4	27.5	0.0	3.9	12.5
2019-06-10	17.1	22.0	26.8	6.7	7.2	11.7
2019-06-11	13.0	16.6	20.1	30.7	3.9	14.4
2019-06-12	11.4	15.8	20.3	0.0	4.7	8.9
2019-06-13	13.0	17.2	21.5	0.0	6.4	11.7
2019-06-14	18.0	21.8	25.7	0.0	7.5	16.4
2019-06-15	16.9	20.2	23.6	0.0	3.9	10.3
2019-06-16	16.1	20.2	24.4	0.0	5.3	12.5
2019-06-17	16.3	20.8	25.2	0.0	5.3	11.4
2019-06-18	17.2	21.3	25.4	0.0	3.9	9.2
2019-06-19	17.6	21.4	25.1	0.0	3.9	9.2
2019-06-20	19.8	22.4	25.0	0.0	4.7	10.8
2019-06-21	20.0	23.4	26.7	0.0	3.1	8.9
2019-06-22	19.2	22.9	26.6	0.0	6.7	13.9
2019-06-23	20.1	23.3	26.5	0.0	5.8	11.4
2019-06-24	20.5	24.5	28.5	0.0	7.8	12.8
2019-06-25	22.7	25.4	28.1	0.0	7.8	14.4
2019-06-26	24.2	27.8	31.4	0.0	8.3	13.3
2019-06-27	21.8	27.0	32.3	0.0	3.3	6.7
2019-06-28	21.9	27.0	32.0	0.0	6.1	14.4
2019-06-29	24.2	29.6	35.0	0.0	2.8	7.8
2019-06-30	21.9	25.2	28.6	0.0	2.8	6.7
2019-07-01	22.6	25.4	28.2	0.0	3.9	9.2
2019-07-02	22.7	25.8	28.9	0.0	3.3	7.2
2019-07-03	22.2	26.4	30.6	0.0	3.3	8.3
2019-07-04	23.5	26.9	30.3	0.0	4.2	8.9
2019-07-05	23.0	26.8	30.7	0.0	4.7	10.8
2019-07-06	23.8	26.8	29.9	0.5	4.7	12.8
2019-07-07	24.8	27.7	30.6	2.3	3.9	8.9
2019-07-08	23.0	26.4	29.9	4.2	3.3	13.3
2019-07-09	22.7	26.7	30.7	0.0	5.8	13.3
2019-07-10	20.8	25.2	29.7		6.7	11.7
2019-07-11	21.9	25.6	29.3	0.0	6.7	13.9
2019-07-12	22.3	25.7	29.1	0.0	3.9	10.8
2019-07-13	22.2	26.4	30.6	0.0	4.2	9.7
2019-07-14	23.2	25.8	28.3	0.1	5.0	11.4
2019-07-15	22.8	25.8	28.8	0.0	4.7	12.5
2019-07-16	22.2	25.6	29.1	0.0	5.8	10.8
2019-07-17	21.3	25.3	29.3	0.5	6.1	16.1
2019-07-18	21.0	25.6	30.3	0.0	4.7	8.9
2019-07-19	22.6	26.0	29.4	0.0	3.3	7.2
2019-07-20	22.7	26.5	30.3	0.0	4.2	9.2
2019-07-21	23.6	27.0	30.5	0.0	2.8	9.2
2019-07-22	22.9	27.0	31.1	0.0	3.9	6.7
2019-07-23	23.3	27.4	31.4	0.0	5.0	10.8
2019-07-24	23.2	27.0	30.8	0.0	3.3	7.8
2019-07-25	23.5	27.0	30.5	0.0	3.6	7.2
2019-07-26	23.5	27.6	31.8	1.2	3.3	8.3
2019-07-27	19.8	23.9	28.0	44.3	3.3	10.8
2019-07-28	19.7	24.0	28.4	0.0	3.3	10.3
2019-07-29	20.4	24.9	29.4	0.0	5.6	9.2
2019-07-30	24.3	27.1	29.9	0.0	3.1	9.7
2019-07-31	23.4	25.4	27.3	0.0	3.9	9.7
2019-08-01	21.9	26.4	30.8	0.0	5.6	11.7
2019-08-02	22.4	26.7	31.0	0.0	4.7	9.7
2019-08-03	22.9	26.6	30.3	0.0	5.3	9.7
2019-08-04	22.9	26.4	29.8	0.0	4.2	9.2
2019-08-05	22.9	27.4	31.9	0.0	3.9	7.8
2019-08-06	23.9	27.2	30.6	0.0	4.7	9.7
2019-08-07	26.0	27.7	29.4	0.0	3.9	8.3
2019-08-08	25.4	28.2	31.0	0.0	4.7	9.7
2019-08-09	24.3	27.8	31.3	0.0	4.7	10.8
2019-08-10	26.0	28.4	30.9	0.0	4.4	9.2
2019-08-11	24.1	27.1	30.1	52.5	3.3	11.7
2019-08-12	19.6	24.2	28.8	0.0	3.9	23.6
2019-08-13	20.8	24.3	27.8	0.0	7.2	11.7
2019-08-14	20.1	24.3	28.5		4.2	9.7
2019-08-15	22.4	26.0	29.7	25.7	4.4	10.3
2019-08-16	22.6	25.6	28.7	1.9	5.3	11.7
2019-08-17	22.4	26.0	29.7	0.0	4.7	9.2
2019-08-18	22.8	26.4	30.0	0.0	4.2	9.2
2019-08-19	24.9	26.9	28.9	0.0	8.3	11.7
2019-08-20	23.6	26.0	28.3	0.0	5.0	11.4
2019-08-21	20.3	24.4	28.5	0.0	4.2	9.2
2019-08-22	23.2	26.2	29.2	0.0	4.4	9.7
2019-08-23	21.4	25.2	29.1	0.0	3.3	7.2
2019-08-24	21.7	25.5	29.3	0.0	3.9	7.2
2019-08-25	22.6	26.0	29.3	0.0	3.9	9.2
2019-08-26	21.4	25.6	29.9	0.0	3.9	6.7
2019-08-27	23.2	25.4	27.5	0.6	3.9	9.7
2019-08-28	21.9	25.6	29.3	0.0	3.3	7.2
2019-08-29	22.3	26.6	31.0	0.0	4.7	8.9
2019-08-30	23.0	27.3	31.6	0.0	2.5	6.1
2019-08-31	23.6	27.3	31.0	0.0	3.9	7.2
2019-09-01	21.6	26.1	30.6	0.0	3.6	9.7
2019-09-02	20.6	24.8	29.1	72.9	4.4	14.4
2019-09-03	20.2	24.1	28.0	0.0	3.9	8.9
2019-09-04	19.8	24.0	28.3	0.0	4.7	9.2
2019-09-05	21.4	24.4	27.4	0.0	4.7	11.4
2019-09-06	19.5	23.0	26.6	11.3	5.0	12.8
2019-09-07	17.9	22.0	26.1	0.0	4.4	9.7
2019-09-08	17.8	22.2	26.6	2.4	5.3	19.7
2019-09-09	19.7	22.6	25.5	16.5	4.4	11.7
2019-09-10	15.2	20.1	25.0	41.2	4.2	17.5
2019-09-11	15.2	20.8	26.3	1.7	8.6	18.6
2019-09-12	18.5	23.3	28.1	0.0	6.4	13.3
2019-09-13	17.9	22.7	27.5	0.8	6.1	14.4
2019-09-14	20.2	24.2	28.1	0.0	5.6	13.9
2019-09-15	20.3	24.1	27.9	0.0	6.9	13.3
2019-09-16	20.3	23.8	27.4	0.0	3.6	12.8
2019-09-17	19.0	23.8	28.6	0.0	2.5	6.7
2019-09-18	19.8	24.6	29.4		3.6	9.2
2019-09-19	20.4	23.8	27.3	0.0	4.7	10.8
2019-09-20	19.2	22.4	25.7	0.2	5.0	11.7
2019-09-21	19.9	21.8	23.8	11.2	5.3	14.4
2019-09-22	19.5	23.1	26.7	0.4	5.3	11.7
2019-09-23	18.8	22.0	25.1		5.3	10.3
2019-09-24	18.1	22.6	27.2	0.0	5.8	13.3
2019-09-25	21.7	23.6	25.4	0.0	3.1	7.2
2019-09-26	19.4	22.8	26.3	0.0	4.7	10.3
2019-09-27	20.1	23.5	26.9	0.0	4.4	9.2
2019-09-28	20.9	23.3	25.7	0.0	3.9	9.2
2019-09-29	19.2	22.9	26.6	0.0	6.7	13.3
2019-09-30	19.9	23.2	26.4	0.0	3.3	7.2
2019-10-01	19.2	23.0	26.8	0.0	6.1	10.8
2019-10-02	19.1	22.8	26.4	0.0	3.1	9.2
2019-10-03	16.7	20.9	25.1	0.0	4.4	9.7
2019-10-04	16.4	21.0	25.6	0.0	3.9	9.7
2019-10-05	17.3	20.7	24.1	0.0	3.6	8.3
2019-10-06	18.6	21.4	24.1	0.0	3.6	8.9
2019-10-07	17.5	21.1	24.7	0.0	3.9	9.7
2019-10-08	17.1	21.3	25.5	0.0	6.4	12.5
2019-10-09	19.1	22.4	25.6	0.6	4.7	12.8
2019-10-10	18.7	20.2	21.6	0.0	2.8	6.7
2019-10-11	18.7	21.3	23.9	0.0	3.1	7.2
2019-10-12	19.2	22.3	25.4	0.0	2.8	7.8
2019-10-13	21.0	23.2	25.4	0.0	4.7	10.3
2019-10-14	18.8	22.1	25.4	25.5	5.3	15.3
2019-10-15	14.4	18.5	22.6	0.0	4.4	11.7
2019-10-16	11.8	17.6	23.3	0.0	4.7	11.4
2019-10-17	13.1	18.8	24.4	0.0	4.2	8.3
2019-10-18	14.9	19.4	24.0	0.0	3.3	7.2
2019-10-19	16.4	20.6	24.9	1.2	5.0	10.8
2019-10-20	16.7	20.8	24.9	0.0	6.4	11.7
2019-10-21	14.9	16.8	18.8	9.2	4.2	12.5
2019-10-22	14.7	18.0	21.4	43.6	11.9	20.6
2019-10-23	13.8	17.0	20.3	0.5	4.4	11.7
2019-10-24	12.2	16.6	21.1	0.0	4.2	9.7
2019-10-25	12.6	17.2	21.9	0.0	3.3	9.4
2019-10-26	12.0	17.6	23.3	0.0	4.2	8.9
2019-10-27	12.8	17.2	21.7	0.0	3.9	7.8
2019-10-28	13.9	17.6	21.3	0.0	3.9	8.3
2019-10-29	13.5	17.9	22.3		3.6	7.8
2019-10-30	14.1	19.0	23.9	0.0	3.1	8.3
2019-10-31	15.5	19.2	22.9	0.1	2.8	8.3
2019-11-01	13.4	17.8	22.3		3.1	7.8
2019-11-02	14.9	19.4	24.0	0.6	4.2	12.5
2019-11-03	16.1	18.8	21.4	0.6	7.5	19.7
2019-11-04	14.9	19.8	24.7	0.0	6.1	16.9
2019-11-05	12.9	16.2	19.6	0.0	5.8	15.3
2019-11-06	10.7	15.4	20.1	0.0	3.3	13.9
2019-11-07	9.1	14.6	20.1	0.0	4.4	12.5
2019-11-08	9.2	12.7	16.2	0.0	6.4	16.4
2019-11-09	7.4	12.4	17.5	5.6	3.6	11.4
2019-11-10	7.9	12.2	16.4	0.2	2.8	9.7
2019-11-11	6.6	11.6	16.6	0.2	5.0	15.3
2019-11-12	8.6	13.8	18.9	0.0	2.2	9.7
2019-11-13	8.4	11.8	15.1	4.7	3.3	7.2
2019-11-14	5.1	10.6	16.2	5.0	1.7	12.8
2019-11-15	5.1	9.6	14.1	0.0	3.6	10.8
2019-11-16	5.3	10.0	14.7	0.0	3.6	10.8
2019-11-17	4.4	9.9	15.4	0.0	2.5	8.9
2019-11-18	7.4	11.6	15.9	0.0	2.8	11.4
2019-11-19	5.0	9.6	14.2	0.0	3.6	10.8
2019-11-20	3.2	8.6	14.1	0.0	2.8	9.2
2019-11-21	6.8	11.9	17.0	0.3	4.2	10.3
2019-11-22	7.8	12.5	17.2	8.3	4.7	13.9
2019-11-23	11.6	14.3	17.0	0.0	6.4	16.1
2019-11-24	9.3	13.5	17.7	0.0	3.1	13.9
2019-11-25	8.7	13.2	17.6	0.0	3.1	7.8
2019-11-26	8.0	13.2	18.5		5.0	10.8
2019-11-27	11.6	15.8	20.1	0.0	2.8	10.3
2019-11-28	10.0	14.6	19.1		5.8	13.3
2019-11-29	11.8	15.6	19.5	0.0	3.6	7.8
2019-11-30	10.0	13.8	17.6	0.0	4.7	8.3
2019-12-01	11.2	14.7	18.2	0.0	3.1	6.7
2019-12-02	8.3	11.7	15.1	0.0	3.1	7.8
2019-12-03	7.5	11.1	14.7		6.9	15.3
2019-12-04	10.7	12.7	14.7	68.9	13.3	21.1
2019-12-05	11.2	13.2	15.3	7.4	6.1	16.1
2019-12-06	9.8	13.2	16.7	0.0	3.9	6.7
2019-12-07	7.8	12.2	16.6	0.0	3.1	10.3
2019-12-08	6.6	10.8	15.0	0.0	5.0	9.7
2019-12-09	8.3	12.6	16.9	0.0	4.2	15.0
2019-12-10	5.9	10.3	14.7	0.0	2.2	10.3
2019-12-11	6.1	10.7	15.3	0.2	3.3	9.7
2019-12-12	9.1	11.8	14.5	0.0	7.2	15.0
2019-12-13	12.2	16.6	21.0	0.0	10.0	21.7
2019-12-14	10.8	15.7	20.6	0.0	4.2	19.7
2019-12-15	7.7	12.6	17.4	0.0	3.3	11.7
2019-12-16	8.2	11.6	15.1	0.0	3.9	8.9
2019-12-17	11.8	14.4	17.0	0.0	3.6	9.2
2019-12-18	11.4	14.7	18.0	0.0	3.3	7.8
2019-12-19	8.9	12.6	16.2	7.4	2.5	9.2
2019-12-20	12.9	15.0	17.0	6.2	5.6	16.1
2019-12-21	13.2	16.2	19.1	0.3	2.8	24.7
2019-12-22	13.4	16.3	19.2	0.0	9.7	24.2
2019-12-23	8.5	13.0	17.6	0.0	5.8	13.9
2019-12-24	7.4	12.8	18.2	0.0	3.3	8.9
2019-12-25	8.8	13.4	18.0	0.0	3.3	10.8
2019-12-26	9.4	13.2	17.1	0.0	4.2	9.2
2019-12-27	6.9	11.1	15.3	0.0	5.3	11.4
2019-12-28	4.8	10.2	15.7	0.0	3.6	8.3
2019-12-29	8.2	11.4	14.6	0.0	1.9	6.1
2019-12-30	7.0	11.0	14.9	0.0	2.8	8.9
2019-12-31	6.3	10.6	14.8	0.0	5.0	9.7
2020-01-01	4.9	9.2	13.4	0.0	2.5	7.2
2020-01-02	4.1	9.4	14.7	0.0	4.7	9.7
2020-01-03	4.5	7.8	11.0	0.0	5.8	10.3
2020-01-04	3.9	9.4	14.8	0.0	5.0	10.8
2020-01-05	4.9	10.0	15.1	0.0	5.0	12.5
2020-01-06	4.1	10.0	16.0	0.0	2.2	8.9
2020-01-07	4.6	10.0	15.3	0.0	3.9	9.7
2020-01-08	4.7	10.7	16.7	0.0	2.5	8.3
2020-01-09	5.7	10.2	14.7	4.9	4.7	8.3
2020-01-10	6.8	9.6	12.5	16.2	3.3	14.4
2020-01-11	4.2	8.2	12.3	0.0	4.4	9.7
2020-01-12	2.4	8.6	14.7	0.0	3.3	9.2
2020-01-13	2.9	7.9	12.9	0.0	4.2	9.2
2020-01-14	2.7	8.6	14.4	0.0	4.2	9.7
2020-01-15	3.2	8.8	14.3	0.0	5.0	9.2
2020-01-16	4.8	9.8	14.8	0.0	4.2	8.3
2020-01-17	6.9	13.0	19.0	0.0	3.6	12.8
2020-01-18	7.2	11.0	14.7	0.2	5.6	9.7
2020-01-19	9.3	10.9	12.5	0.0	12.5	22.8
2020-01-20	7.3	9.4	11.4	54.1	16.7	24.7
2020-01-21	7.6	10.2	12.8	87.9	18.9	29.2
2020-01-22	10.0	12.4	14.9	10.4	8.1	16.9
2020-01-23	8.5	11.6	14.7	0.1	2.8	16.1
2020-01-24	6.2	10.8	15.4	0.0	4.2	9.2
2020-01-25	7.8	11.0	14.3	0.0	3.3	7.2
2020-01-26	8.2	12.8	17.4	0.0	3.3	10.8
2020-01-27	6.1	10.8	15.4	0.0	3.6	12.5
2020-01-28	10.1	13.9	17.7	0.0	7.2	12.8
2020-01-29	8.2	12.3	16.4	0.0	2.5	6.1
2020-01-30	8.7	13.8	18.8	0.0	3.1	7.5
2020-01-31	10.5	14.8	19.2	0.0	3.6	7.8
2020-02-01	8.9	15.2	21.4	0.0	2.2	5.8
2020-02-02	10.0	15.4	20.7	0.0	2.5	8.9
2020-02-03	11.7	16.6	21.5	0.0	3.9	9.2
2020-02-04	10.3	15.8	21.3	0.0	3.9	10.3
2020-02-05	7.0	10.9	14.8	0.0	4.2	8.3
2020-02-06	4.8	9.8	14.8	0.0	5.0	9.2
2020-02-07	6.5	10.6	14.7	0.0	3.3	6.7
2020-02-08	6.7	10.4	14.1	0.0	3.3	6.1
2020-02-09	7.2	11.2	15.1	0.0	5.8	11.7
2020-02-10	11.2	16.4	21.6	0.0	5.8	11.4
2020-02-11	10.7	14.0	17.3	0.0	4.2	7.8
2020-02-12	11.4	12.4	13.5	0.0	3.6	10.3
2020-02-13	9.5	12.9	16.3	0.0	6.1	13.3
2020-02-14	9.2	12.7	16.2	0.0	3.1	6.7
2020-02-15	9.9	12.8	15.6	0.0	5.6	9.7
2020-02-16	13.2	14.5	15.8	0.0	6.4	10.8
2020-02-17	13.3	14.6	15.9	1.1	4.4	11.4
2020-02-18	7.9	11.5	15.1	0.0	2.8	8.9
2020-02-19	6.8	11.8	16.7	0.0	3.6	9.7
2020-02-20	5.2	10.4	15.6	0.0	6.9	12.5
2020-02-21	6.8	11.9	17.0	0.0	5.3	10.8
2020-02-22	7.5	12.0	16.4	0.0	3.9	8.3
2020-02-23	8.2	12.9	17.6	0.0	5.8	11.4
2020-02-24	8.8	13.6	18.4	0.0	5.8	10.8
2020-02-25	8.2	12.2	16.1	0.0	3.9	10.8
2020-02-26	9.1	14.4	19.8	0.0	5.3	15.3
2020-02-27	9.1	14.4	19.7	0.0	7.2	14.4
2020-02-28	10.5	13.4	16.4	0.0	1.9	10.3
2020-02-29	11.2	14.1	17.0	0.0	6.1	13.3
2020-03-01	13.0	17.0	20.9	0.9	6.7	16.1
2020-03-02	9.7	14.4	19.1	1.4	12.2	24.2
2020-03-03	8.2	13.1	18.0	0.0	8.3	20.0
2020-03-04	9.8	13.9	18.0	0.0	2.8	6.1
2020-03-05	9.8	14.9	20.0	0.0	5.6	23.6
2020-03-06	8.3	13.1	17.9	0.0	7.8	19.7
2020-03-07	6.3	12.6	18.8	0.0	3.6	11.4
2020-03-08	8.2	12.6	17.0	0.0	5.3	9.2
2020-03-09	9.1	15.1	21.1	0.0	6.1	13.3
2020-03-10	9.3	12.6	15.9	0.0	5.3	11.7
2020-03-11	8.7	12.8	16.8	0.0	3.3	7.8
2020-03-12	10.4	13.7	17.0	0.0	2.8	8.9
2020-03-13	10.2	13.8	17.5	0.0	6.1	13.3
2020-03-14	10.2	14.3	18.4	0.0	3.1	7.2
2020-03-15	8.9	13.1	17.3	0.0	3.6	7.2
2020-03-16	13.4	14.3	15.2	18.3	10.0	17.5
2020-03-17	12.9	15.2	17.4	0.0	8.1	15.0
2020-03-18	9.4	13.4	17.5	0.0	3.1	7.2
2020-03-19	8.2	12.0	15.8	0.0	3.9	6.7
2020-03-20	8.5	12.5	16.5	0.0	5.0	9.2
2020-03-21	7.2	12.2	17.1	0.0	5.0	8.3
2020-03-22	9.8	13.4	16.9	4.2	6.7	10.8
2020-03-23	11.6	14.0	16.4	20.4	8.6	15.3
2020-03-24	10.8	13.0	15.1	0.0	8.9	15.0
2020-03-25	5.9	9.8	13.6	0.0	3.3	12.8
2020-03-26	5.0	9.0	13.0	0.0	7.5	16.1
2020-03-27	3.7	10.0	16.2	0.1	3.6	8.9
2020-03-28	10.0	13.7	17.4	0.0	3.9	8.3
2020-03-29	8.9	14.0	19.1		4.4	7.8
2020-03-30	8.0	11.2	14.3	6.0	5.6	14.4
2020-03-31	8.3	10.7	13.1	3.2	10.3	16.1
2020-04-01	10.4	11.7	13.0	16.4	13.1	18.9
2020-04-02	10.3	12.7	15.1	0.0	8.6	14.4
2020-04-03	7.8	12.6	17.3	0.0	5.0	9.2
2020-04-04	8.5	12.8	17.0	0.0	5.0	8.9
2020-04-05	7.6	12.5	17.4	0.0	3.6	6.7
2020-04-06	8.8	13.2	17.5	0.0	3.3	6.1
2020-04-07	11.3	14.8	18.3	0.0	3.3	5.8
2020-04-08	11.2	15.2	19.2	0.0	3.1	6.1
2020-04-09	11.0	14.6	18.2	0.0	3.9	6.7
2020-04-10	10.1	15.2	20.4	0.0	4.2	7.8
2020-04-11	10.4	14.9	19.4	0.0	4.2	7.2
2020-04-12	11.2	15.6	19.9	14.1	4.2	12.8
2020-04-13	12.0	13.8	15.6	18.0	6.4	13.3
2020-04-14	12.3	15.4	18.5	0.0	3.3	9.2
2020-04-15	11.1	14.8	18.6	0.0	6.4	11.4
2020-04-16	15.3	17.4	19.4	0.0	4.7	8.9
2020-04-17	14.1	16.3	18.5	0.0	2.5	8.3
2020-04-18	14.7	17.2	19.6	12.1	4.2	14.4
2020-04-19	15.4	15.9	16.4	78.5	5.8	13.3
2020-04-20	15.4	16.8	18.1	47.7	3.6	6.1
2020-04-21	13.8	14.7	15.6	73.3	5.8	18.9
2020-04-22	14.0	16.2	18.4	0.0	8.9	16.4
2020-04-23	13.4	17.1	20.8	0.0	5.8	10.3
2020-04-24	13.5	16.6	19.8	0.0	3.9	9.7
2020-04-25	11.6	16.0	20.5	0.0	3.3	7.2
2020-04-26	12.7	16.4	20.1	0.0	4.2	7.2
2020-04-27	12.9	16.7	20.5	3.4	4.4	13.3
2020-04-28	12.9	17.2	21.6	0.0	6.4	13.9
2020-04-29	12.2	16.9	21.6		6.4	14.4
2020-04-30	14.3	19.8	25.3	0.0	6.9	17.5
2020-05-01	13.9	20.1	26.3	0.0	8.1	15.3
2020-05-02	15.4	19.6	23.9	0.0	3.1	7.8
2020-05-03	15.7	19.2	22.6	0.0	3.1	6.7
2020-05-04	15.4	19.8	24.3	0.0	4.4	7.8
2020-05-05	16.7	19.9	23.1	0.0	3.1	8.9
2020-05-06	16.4	20.7	25.0	0.0	4.2	8.9
2020-05-07	16.6	20.1	23.6	0.0	5.0	9.7
2020-05-08	15.9	20.0	24.2	0.0	4.7	9.7
2020-05-09	16.7	18.6	20.5	6.3	5.0	11.4
2020-05-10	15.0	17.8	20.5	4.0	5.8	16.4
2020-05-11	14.7	18.6	22.5	0.0	7.8	16.4
2020-05-12	16.0	18.1	20.2	0.9	7.2	12.2
2020-05-13	15.5	18.8	22.2	0.0	6.9	13.9
2020-05-14	13.7	16.1	18.5	4.5	5.0	11.7
2020-05-15	13.7	17.6	21.5	0.0	3.3	7.2
2020-05-16	15.8	19.2	22.6	1.4	4.2	8.9
2020-05-17	14.4	18.7	23.0	0.0	6.1	11.4
2020-05-18	15.0	19.0	22.9	0.0	4.2	8.3
2020-05-19	16.3	21.9	27.5	0.0	4.4	8.9
2020-05-20	17.2	21.6	26.1	0.0	3.9	8.9
2020-05-21	17.5	22.0	26.4	0.0	5.8	11.7
2020-05-22	17.4	21.9	26.4	0.0	3.9	8.3
2020-05-23	17.5	21.9	26.3	0.0	5.0	10.8
2020-05-24	18.6	20.8	23.1	0.0	4.7	9.7
2020-05-25	18.5	21.2	24.0	0.0	5.0	11.4
2020-05-26	17.7	22.0	26.4	0.0	4.4	8.3
2020-05-27	18.7	21.6	24.6	0.0	7.5	12.8
2020-05-28	18.3	20.7	23.1	0.0	3.1	7.8
2020-05-29	16.8	20.9	25.0	4.5	4.2	11.7
2020-05-30	17.2	20.4	23.5	0.0	3.3	8.3
2020-05-31	16.7	20.5	24.3		3.6	8.3
2020-06-01	18.2	21.4	24.7	0.3	3.6	7.2
2020-06-02	16.8	20.6	24.4	0.0	3.6	7.2
2020-06-03	19.1	22.1	25.1	7.3	5.3	11.4
2020-06-04	15.6	19.2	22.8	0.2	5.6	16.4
2020-06-05	14.3	20.0	25.8	0.0	5.0	11.7
2020-06-06	16.4	20.2	24.1	0.2	3.6	7.8
2020-06-07	16.8	19.7	22.6	18.2	4.7	10.3
2020-06-08	14.8	18.1	21.4	1.3	4.2	8.3
2020-06-09	14.4	18.4	22.4	17.4	4.4	10.3
2020-06-10	14.4	18.3	22.2	0.2	4.4	8.3
2020-06-11	17.4	20.5	23.6	0.0	3.6	7.8
2020-06-12	19.0	22.0	25.1	0.0	6.1	11.7
2020-06-13	16.8	21.7	26.6	0.0	7.2	15.3
2020-06-14	16.6	20.6	24.5	0.0	5.3	9.2
2020-06-15	18.1	21.2	24.3	0.0	5.3	9.2
2020-06-16	18.3	20.8	23.3	0.3	4.2	7.8
2020-06-17	16.8	20.3	23.8	5.4	4.2	9.2
2020-06-18	15.9	18.8	21.6	2.9	5.0	9.7
2020-06-19	17.2	20.4	23.6	0.0	3.6	7.8
2020-06-20	18.4	21.8	25.3	0.0	4.4	9.7
2020-06-21	19.7	22.8	26.0	0.0	4.2	9.7
2020-06-22	20.1	23.8	27.5	0.0	2.8	7.2
2020-06-23	20.5	23.4	26.3	0.0	5.0	11.7
2020-06-24	19.7	23.6	27.4	0.0	3.1	8.3
2020-06-25	21.1	24.8	28.5	0.0	3.3	6.7
2020-06-26	21.1	25.0	28.9	0.0	3.3	6.7
2020-06-27	21.8	24.6	27.4	0.0	3.6	8.3
2020-06-28	21.9	25.4	28.9	0.0	4.2	8.9
2020-06-29	22.1	25.3	28.5	0.0	3.3	7.2
2020-06-30	23.3	25.7	28.1	0.0	3.1	7.2
2020-07-01	21.9	26.2	30.4	0.0	3.9	7.2
